<TextureAtlas imagePath="steam-deck_sheet_double.png">
  <SubTexture name="controller_steamdeck" x="0" y="0" width="128" height="128" />
  <SubTexture name="steamdeck_button_a" x="128" y="0" width="128" height="128" />
  <SubTexture name="steamdeck_button_a_outline" x="256" y="0" width="128" height="128" />
  <SubTexture name="steamdeck_button_b" x="384" y="0" width="128" height="128" />
  <SubTexture name="steamdeck_button_b_outline" x="512" y="0" width="128" height="128" />
  <SubTexture name="steamdeck_button_guide" x="640" y="0" width="128" height="128" />
  <SubTexture name="steamdeck_button_guide_outline" x="768" y="0" width="128" height="128" />
  <SubTexture name="steamdeck_button_l1" x="896" y="0" width="128" height="128" />
  <SubTexture name="steamdeck_button_l1_outline" x="1024" y="0" width="128" height="128" />
  <SubTexture name="steamdeck_button_l2" x="1152" y="0" width="128" height="128" />
  <SubTexture name="steamdeck_button_l2_outline" x="1280" y="0" width="128" height="128" />
  <SubTexture name="steamdeck_button_l4" x="0" y="128" width="128" height="128" />
  <SubTexture name="steamdeck_button_l4_outline" x="128" y="128" width="128" height="128" />
  <SubTexture name="steamdeck_button_l5" x="256" y="128" width="128" height="128" />
  <SubTexture name="steamdeck_button_l5_outline" x="384" y="128" width="128" height="128" />
  <SubTexture name="steamdeck_button_options" x="512" y="128" width="128" height="128" />
  <SubTexture name="steamdeck_button_options_outline" x="640" y="128" width="128" height="128" />
  <SubTexture name="steamdeck_button_quickaccess" x="768" y="128" width="128" height="128" />
  <SubTexture name="steamdeck_button_quickaccess_outline" x="896" y="128" width="128" height="128" />
  <SubTexture name="steamdeck_button_r1" x="1024" y="128" width="128" height="128" />
  <SubTexture name="steamdeck_button_r1_outline" x="1152" y="128" width="128" height="128" />
  <SubTexture name="steamdeck_button_r2" x="1280" y="128" width="128" height="128" />
  <SubTexture name="steamdeck_button_r2_outline" x="0" y="256" width="128" height="128" />
  <SubTexture name="steamdeck_button_r4" x="128" y="256" width="128" height="128" />
  <SubTexture name="steamdeck_button_r4_outline" x="256" y="256" width="128" height="128" />
  <SubTexture name="steamdeck_button_r5" x="384" y="256" width="128" height="128" />
  <SubTexture name="steamdeck_button_r5_outline" x="512" y="256" width="128" height="128" />
  <SubTexture name="steamdeck_button_view" x="640" y="256" width="128" height="128" />
  <SubTexture name="steamdeck_button_view_outline" x="768" y="256" width="128" height="128" />
  <SubTexture name="steamdeck_button_x" x="896" y="256" width="128" height="128" />
  <SubTexture name="steamdeck_button_x_outline" x="1024" y="256" width="128" height="128" />
  <SubTexture name="steamdeck_button_y" x="1152" y="256" width="128" height="128" />
  <SubTexture name="steamdeck_button_y_outline" x="1280" y="256" width="128" height="128" />
  <SubTexture name="steamdeck_dpad" x="0" y="384" width="128" height="128" />
  <SubTexture name="steamdeck_dpad_all" x="128" y="384" width="128" height="128" />
  <SubTexture name="steamdeck_dpad_down" x="256" y="384" width="128" height="128" />
  <SubTexture name="steamdeck_dpad_down_outline" x="384" y="384" width="128" height="128" />
  <SubTexture name="steamdeck_dpad_horizontal" x="512" y="384" width="128" height="128" />
  <SubTexture name="steamdeck_dpad_horizontal_outline" x="640" y="384" width="128" height="128" />
  <SubTexture name="steamdeck_dpad_left" x="768" y="384" width="128" height="128" />
  <SubTexture name="steamdeck_dpad_left_outline" x="896" y="384" width="128" height="128" />
  <SubTexture name="steamdeck_dpad_none" x="1024" y="384" width="128" height="128" />
  <SubTexture name="steamdeck_dpad_right" x="1152" y="384" width="128" height="128" />
  <SubTexture name="steamdeck_dpad_right_outline" x="1280" y="384" width="128" height="128" />
  <SubTexture name="steamdeck_dpad_up" x="0" y="512" width="128" height="128" />
  <SubTexture name="steamdeck_dpad_up_outline" x="128" y="512" width="128" height="128" />
  <SubTexture name="steamdeck_dpad_vertical" x="256" y="512" width="128" height="128" />
  <SubTexture name="steamdeck_dpad_vertical_outline" x="384" y="512" width="128" height="128" />
  <SubTexture name="steamdeck_stick_l" x="512" y="512" width="128" height="128" />
  <SubTexture name="steamdeck_stick_l_down" x="640" y="512" width="128" height="128" />
  <SubTexture name="steamdeck_stick_l_horizontal" x="768" y="512" width="128" height="128" />
  <SubTexture name="steamdeck_stick_l_left" x="896" y="512" width="128" height="128" />
  <SubTexture name="steamdeck_stick_l_press" x="1024" y="512" width="128" height="128" />
  <SubTexture name="steamdeck_stick_l_right" x="1152" y="512" width="128" height="128" />
  <SubTexture name="steamdeck_stick_l_up" x="1280" y="512" width="128" height="128" />
  <SubTexture name="steamdeck_stick_l_vertical" x="0" y="640" width="128" height="128" />
  <SubTexture name="steamdeck_stick_r" x="128" y="640" width="128" height="128" />
  <SubTexture name="steamdeck_stick_r_down" x="256" y="640" width="128" height="128" />
  <SubTexture name="steamdeck_stick_r_horizontal" x="384" y="640" width="128" height="128" />
  <SubTexture name="steamdeck_stick_r_left" x="512" y="640" width="128" height="128" />
  <SubTexture name="steamdeck_stick_r_press" x="640" y="640" width="128" height="128" />
  <SubTexture name="steamdeck_stick_r_right" x="768" y="640" width="128" height="128" />
  <SubTexture name="steamdeck_stick_r_up" x="896" y="640" width="128" height="128" />
  <SubTexture name="steamdeck_stick_r_vertical" x="1024" y="640" width="128" height="128" />
  <SubTexture name="steamdeck_stick_side_l" x="1152" y="640" width="128" height="128" />
  <SubTexture name="steamdeck_stick_side_r" x="1280" y="640" width="128" height="128" />
  <SubTexture name="steamdeck_stick_top_l" x="0" y="768" width="128" height="128" />
  <SubTexture name="steamdeck_stick_top_r" x="128" y="768" width="128" height="128" />
  <SubTexture name="steamdeck_trackpad" x="256" y="768" width="128" height="128" />
  <SubTexture name="steamdeck_trackpad_all" x="384" y="768" width="128" height="128" />
  <SubTexture name="steamdeck_trackpad_all_outline" x="512" y="768" width="128" height="128" />
  <SubTexture name="steamdeck_trackpad_down" x="640" y="768" width="128" height="128" />
  <SubTexture name="steamdeck_trackpad_down_outline" x="768" y="768" width="128" height="128" />
  <SubTexture name="steamdeck_trackpad_horizontal" x="896" y="768" width="128" height="128" />
  <SubTexture name="steamdeck_trackpad_horizontal_outline" x="1024" y="768" width="128" height="128" />
  <SubTexture name="steamdeck_trackpad_l" x="1152" y="768" width="128" height="128" />
  <SubTexture name="steamdeck_trackpad_l_all" x="1280" y="768" width="128" height="128" />
  <SubTexture name="steamdeck_trackpad_l_all_outline" x="0" y="896" width="128" height="128" />
  <SubTexture name="steamdeck_trackpad_l_down" x="128" y="896" width="128" height="128" />
  <SubTexture name="steamdeck_trackpad_l_down_outline" x="256" y="896" width="128" height="128" />
  <SubTexture name="steamdeck_trackpad_l_horizontal" x="384" y="896" width="128" height="128" />
  <SubTexture name="steamdeck_trackpad_l_horizontal_outline" x="512" y="896" width="128" height="128" />
  <SubTexture name="steamdeck_trackpad_l_left" x="640" y="896" width="128" height="128" />
  <SubTexture name="steamdeck_trackpad_l_left_outline" x="768" y="896" width="128" height="128" />
  <SubTexture name="steamdeck_trackpad_l_outline" x="896" y="896" width="128" height="128" />
  <SubTexture name="steamdeck_trackpad_l_right" x="1024" y="896" width="128" height="128" />
  <SubTexture name="steamdeck_trackpad_l_right_outline" x="1152" y="896" width="128" height="128" />
  <SubTexture name="steamdeck_trackpad_l_up" x="1280" y="896" width="128" height="128" />
  <SubTexture name="steamdeck_trackpad_l_up_outline" x="0" y="1024" width="128" height="128" />
  <SubTexture name="steamdeck_trackpad_l_vertical" x="128" y="1024" width="128" height="128" />
  <SubTexture name="steamdeck_trackpad_l_vertical_outline" x="256" y="1024" width="128" height="128" />
  <SubTexture name="steamdeck_trackpad_left" x="384" y="1024" width="128" height="128" />
  <SubTexture name="steamdeck_trackpad_left_outline" x="512" y="1024" width="128" height="128" />
  <SubTexture name="steamdeck_trackpad_outline" x="640" y="1024" width="128" height="128" />
  <SubTexture name="steamdeck_trackpad_r" x="768" y="1024" width="128" height="128" />
  <SubTexture name="steamdeck_trackpad_r_all" x="896" y="1024" width="128" height="128" />
  <SubTexture name="steamdeck_trackpad_r_all_outline" x="1024" y="1024" width="128" height="128" />
  <SubTexture name="steamdeck_trackpad_r_down" x="1152" y="1024" width="128" height="128" />
  <SubTexture name="steamdeck_trackpad_r_down_outline" x="1280" y="1024" width="128" height="128" />
  <SubTexture name="steamdeck_trackpad_r_horizontal" x="0" y="1152" width="128" height="128" />
  <SubTexture name="steamdeck_trackpad_r_horizontal_outline" x="128" y="1152" width="128" height="128" />
  <SubTexture name="steamdeck_trackpad_r_left" x="256" y="1152" width="128" height="128" />
  <SubTexture name="steamdeck_trackpad_r_left_outline" x="384" y="1152" width="128" height="128" />
  <SubTexture name="steamdeck_trackpad_r_outline" x="512" y="1152" width="128" height="128" />
  <SubTexture name="steamdeck_trackpad_r_right" x="640" y="1152" width="128" height="128" />
  <SubTexture name="steamdeck_trackpad_r_right_outline" x="768" y="1152" width="128" height="128" />
  <SubTexture name="steamdeck_trackpad_r_up" x="896" y="1152" width="128" height="128" />
  <SubTexture name="steamdeck_trackpad_r_up_outline" x="1024" y="1152" width="128" height="128" />
  <SubTexture name="steamdeck_trackpad_r_vertical" x="1152" y="1152" width="128" height="128" />
  <SubTexture name="steamdeck_trackpad_r_vertical_outline" x="1280" y="1152" width="128" height="128" />
  <SubTexture name="steamdeck_trackpad_right" x="0" y="1280" width="128" height="128" />
  <SubTexture name="steamdeck_trackpad_right_outline" x="128" y="1280" width="128" height="128" />
  <SubTexture name="steamdeck_trackpad_up" x="256" y="1280" width="128" height="128" />
  <SubTexture name="steamdeck_trackpad_up_outline" x="384" y="1280" width="128" height="128" />
  <SubTexture name="steamdeck_trackpad_vertical" x="512" y="1280" width="128" height="128" />
  <SubTexture name="steamdeck_trackpad_vertical_outline" x="640" y="1280" width="128" height="128" />
</TextureAtlas>