<TextureAtlas imagePath="nintendo-wii_sheet_default.png">
  <SubTexture name="controller_wii_classic" x="0" y="0" width="64" height="64" />
  <SubTexture name="controller_wii_classic_pro" x="64" y="0" width="64" height="64" />
  <SubTexture name="wii_button_1" x="128" y="0" width="64" height="64" />
  <SubTexture name="wii_button_1_outline" x="192" y="0" width="64" height="64" />
  <SubTexture name="wii_button_2" x="256" y="0" width="64" height="64" />
  <SubTexture name="wii_button_2_outline" x="320" y="0" width="64" height="64" />
  <SubTexture name="wii_button_a" x="384" y="0" width="64" height="64" />
  <SubTexture name="wii_button_a_outline" x="448" y="0" width="64" height="64" />
  <SubTexture name="wii_button_b" x="512" y="0" width="64" height="64" />
  <SubTexture name="wii_button_b_outline" x="576" y="0" width="64" height="64" />
  <SubTexture name="wii_button_c" x="0" y="64" width="64" height="64" />
  <SubTexture name="wii_button_c_outline" x="64" y="64" width="64" height="64" />
  <SubTexture name="wii_button_home" x="128" y="64" width="64" height="64" />
  <SubTexture name="wii_button_home_outline" x="192" y="64" width="64" height="64" />
  <SubTexture name="wii_button_l" x="256" y="64" width="64" height="64" />
  <SubTexture name="wii_button_l_outline" x="320" y="64" width="64" height="64" />
  <SubTexture name="wii_button_minus" x="384" y="64" width="64" height="64" />
  <SubTexture name="wii_button_minus_outline" x="448" y="64" width="64" height="64" />
  <SubTexture name="wii_button_plus" x="512" y="64" width="64" height="64" />
  <SubTexture name="wii_button_plus_outline" x="576" y="64" width="64" height="64" />
  <SubTexture name="wii_button_power" x="0" y="128" width="64" height="64" />
  <SubTexture name="wii_button_power_outline" x="64" y="128" width="64" height="64" />
  <SubTexture name="wii_button_r" x="128" y="128" width="64" height="64" />
  <SubTexture name="wii_button_r_outline" x="192" y="128" width="64" height="64" />
  <SubTexture name="wii_button_x" x="256" y="128" width="64" height="64" />
  <SubTexture name="wii_button_x_outline" x="320" y="128" width="64" height="64" />
  <SubTexture name="wii_button_y" x="384" y="128" width="64" height="64" />
  <SubTexture name="wii_button_y_outline" x="448" y="128" width="64" height="64" />
  <SubTexture name="wii_button_z" x="512" y="128" width="64" height="64" />
  <SubTexture name="wii_button_z_outline" x="576" y="128" width="64" height="64" />
  <SubTexture name="wii_button_zl" x="0" y="192" width="64" height="64" />
  <SubTexture name="wii_button_zl_outline" x="64" y="192" width="64" height="64" />
  <SubTexture name="wii_button_zr" x="128" y="192" width="64" height="64" />
  <SubTexture name="wii_button_zr_outline" x="192" y="192" width="64" height="64" />
  <SubTexture name="wii_controller" x="256" y="192" width="64" height="64" />
  <SubTexture name="wii_controller_diagonal" x="320" y="192" width="64" height="64" />
  <SubTexture name="wii_controller_diagonal_outline" x="384" y="192" width="64" height="64" />
  <SubTexture name="wii_controller_horizontal" x="448" y="192" width="64" height="64" />
  <SubTexture name="wii_controller_horizontal_outline" x="512" y="192" width="64" height="64" />
  <SubTexture name="wii_controller_nunchuk" x="576" y="192" width="64" height="64" />
  <SubTexture name="wii_controller_nunchuk_wire" x="0" y="256" width="64" height="64" />
  <SubTexture name="wii_controller_outline" x="64" y="256" width="64" height="64" />
  <SubTexture name="wii_controller_rotate" x="128" y="256" width="64" height="64" />
  <SubTexture name="wii_controller_rotate_outline" x="192" y="256" width="64" height="64" />
  <SubTexture name="wii_controller_vertical" x="256" y="256" width="64" height="64" />
  <SubTexture name="wii_controller_vertical_outline" x="320" y="256" width="64" height="64" />
  <SubTexture name="wii_dpad" x="384" y="256" width="64" height="64" />
  <SubTexture name="wii_dpad_all" x="448" y="256" width="64" height="64" />
  <SubTexture name="wii_dpad_down" x="512" y="256" width="64" height="64" />
  <SubTexture name="wii_dpad_down_outline" x="576" y="256" width="64" height="64" />
  <SubTexture name="wii_dpad_horizontal" x="0" y="320" width="64" height="64" />
  <SubTexture name="wii_dpad_horizontal_outline" x="64" y="320" width="64" height="64" />
  <SubTexture name="wii_dpad_left" x="128" y="320" width="64" height="64" />
  <SubTexture name="wii_dpad_left_outline" x="192" y="320" width="64" height="64" />
  <SubTexture name="wii_dpad_none" x="256" y="320" width="64" height="64" />
  <SubTexture name="wii_dpad_right" x="320" y="320" width="64" height="64" />
  <SubTexture name="wii_dpad_right_outline" x="384" y="320" width="64" height="64" />
  <SubTexture name="wii_dpad_up" x="448" y="320" width="64" height="64" />
  <SubTexture name="wii_dpad_up_outline" x="512" y="320" width="64" height="64" />
  <SubTexture name="wii_dpad_vertical" x="576" y="320" width="64" height="64" />
  <SubTexture name="wii_dpad_vertical_outline" x="0" y="384" width="64" height="64" />
  <SubTexture name="wii_stick" x="64" y="384" width="64" height="64" />
  <SubTexture name="wii_stick_down" x="128" y="384" width="64" height="64" />
  <SubTexture name="wii_stick_horizontal" x="192" y="384" width="64" height="64" />
  <SubTexture name="wii_stick_l" x="256" y="384" width="64" height="64" />
  <SubTexture name="wii_stick_l_down" x="320" y="384" width="64" height="64" />
  <SubTexture name="wii_stick_l_horizontal" x="384" y="384" width="64" height="64" />
  <SubTexture name="wii_stick_l_left" x="448" y="384" width="64" height="64" />
  <SubTexture name="wii_stick_l_right" x="512" y="384" width="64" height="64" />
  <SubTexture name="wii_stick_l_up" x="576" y="384" width="64" height="64" />
  <SubTexture name="wii_stick_l_vertical" x="0" y="448" width="64" height="64" />
  <SubTexture name="wii_stick_left" x="64" y="448" width="64" height="64" />
  <SubTexture name="wii_stick_r" x="128" y="448" width="64" height="64" />
  <SubTexture name="wii_stick_r_down" x="192" y="448" width="64" height="64" />
  <SubTexture name="wii_stick_r_horizontal" x="256" y="448" width="64" height="64" />
  <SubTexture name="wii_stick_r_left" x="320" y="448" width="64" height="64" />
  <SubTexture name="wii_stick_r_right" x="384" y="448" width="64" height="64" />
  <SubTexture name="wii_stick_r_up" x="448" y="448" width="64" height="64" />
  <SubTexture name="wii_stick_r_vertical" x="512" y="448" width="64" height="64" />
  <SubTexture name="wii_stick_right" x="576" y="448" width="64" height="64" />
  <SubTexture name="wii_stick_top_l" x="0" y="512" width="64" height="64" />
  <SubTexture name="wii_stick_top_r" x="64" y="512" width="64" height="64" />
  <SubTexture name="wii_stick_up" x="128" y="512" width="64" height="64" />
  <SubTexture name="wii_stick_vertical" x="192" y="512" width="64" height="64" />
</TextureAtlas>