<TextureAtlas imagePath="steam-controller_sheet_default.png">
  <SubTexture name="controller_steam" x="0" y="0" width="64" height="64" />
  <SubTexture name="steam_button_a" x="64" y="0" width="64" height="64" />
  <SubTexture name="steam_button_a_outline" x="128" y="0" width="64" height="64" />
  <SubTexture name="steam_button_b" x="192" y="0" width="64" height="64" />
  <SubTexture name="steam_button_b_outline" x="256" y="0" width="64" height="64" />
  <SubTexture name="steam_button_back_icon" x="320" y="0" width="64" height="64" />
  <SubTexture name="steam_button_back_icon_outline" x="384" y="0" width="64" height="64" />
  <SubTexture name="steam_button_color_a" x="448" y="0" width="64" height="64" />
  <SubTexture name="steam_button_color_a_outline" x="512" y="0" width="64" height="64" />
  <SubTexture name="steam_button_color_b" x="0" y="64" width="64" height="64" />
  <SubTexture name="steam_button_color_b_outline" x="64" y="64" width="64" height="64" />
  <SubTexture name="steam_button_color_x" x="128" y="64" width="64" height="64" />
  <SubTexture name="steam_button_color_x_outline" x="192" y="64" width="64" height="64" />
  <SubTexture name="steam_button_color_y" x="256" y="64" width="64" height="64" />
  <SubTexture name="steam_button_color_y_outline" x="320" y="64" width="64" height="64" />
  <SubTexture name="steam_button_lp" x="384" y="64" width="64" height="64" />
  <SubTexture name="steam_button_lp_outline" x="448" y="64" width="64" height="64" />
  <SubTexture name="steam_button_rp" x="512" y="64" width="64" height="64" />
  <SubTexture name="steam_button_rp_outline" x="0" y="128" width="64" height="64" />
  <SubTexture name="steam_button_start_icon" x="64" y="128" width="64" height="64" />
  <SubTexture name="steam_button_start_icon_outline" x="128" y="128" width="64" height="64" />
  <SubTexture name="steam_button_x" x="192" y="128" width="64" height="64" />
  <SubTexture name="steam_button_x_outline" x="256" y="128" width="64" height="64" />
  <SubTexture name="steam_button_y" x="320" y="128" width="64" height="64" />
  <SubTexture name="steam_button_y_outline" x="384" y="128" width="64" height="64" />
  <SubTexture name="steam_dpad" x="448" y="128" width="64" height="64" />
  <SubTexture name="steam_dpad_all" x="512" y="128" width="64" height="64" />
  <SubTexture name="steam_dpad_down" x="0" y="192" width="64" height="64" />
  <SubTexture name="steam_dpad_down_outline" x="64" y="192" width="64" height="64" />
  <SubTexture name="steam_dpad_horizontal" x="128" y="192" width="64" height="64" />
  <SubTexture name="steam_dpad_horizontal_outline" x="192" y="192" width="64" height="64" />
  <SubTexture name="steam_dpad_left" x="256" y="192" width="64" height="64" />
  <SubTexture name="steam_dpad_left_outline" x="320" y="192" width="64" height="64" />
  <SubTexture name="steam_dpad_none" x="384" y="192" width="64" height="64" />
  <SubTexture name="steam_dpad_right" x="448" y="192" width="64" height="64" />
  <SubTexture name="steam_dpad_right_outline" x="512" y="192" width="64" height="64" />
  <SubTexture name="steam_dpad_up" x="0" y="256" width="64" height="64" />
  <SubTexture name="steam_dpad_up_outline" x="64" y="256" width="64" height="64" />
  <SubTexture name="steam_dpad_vertical" x="128" y="256" width="64" height="64" />
  <SubTexture name="steam_dpad_vertical_outline" x="192" y="256" width="64" height="64" />
  <SubTexture name="steam_lb" x="256" y="256" width="64" height="64" />
  <SubTexture name="steam_lb_outline" x="320" y="256" width="64" height="64" />
  <SubTexture name="steam_lg" x="384" y="256" width="64" height="64" />
  <SubTexture name="steam_lg_outline" x="448" y="256" width="64" height="64" />
  <SubTexture name="steam_lt" x="512" y="256" width="64" height="64" />
  <SubTexture name="steam_lt_outline" x="0" y="320" width="64" height="64" />
  <SubTexture name="steam_pad" x="64" y="320" width="64" height="64" />
  <SubTexture name="steam_pad_center" x="128" y="320" width="64" height="64" />
  <SubTexture name="steam_pad_down" x="192" y="320" width="64" height="64" />
  <SubTexture name="steam_pad_left" x="256" y="320" width="64" height="64" />
  <SubTexture name="steam_pad_right" x="320" y="320" width="64" height="64" />
  <SubTexture name="steam_pad_up" x="384" y="320" width="64" height="64" />
  <SubTexture name="steam_rb" x="448" y="320" width="64" height="64" />
  <SubTexture name="steam_rb_outline" x="512" y="320" width="64" height="64" />
  <SubTexture name="steam_rg" x="0" y="384" width="64" height="64" />
  <SubTexture name="steam_rg_outline" x="64" y="384" width="64" height="64" />
  <SubTexture name="steam_rt" x="128" y="384" width="64" height="64" />
  <SubTexture name="steam_rt_outline" x="192" y="384" width="64" height="64" />
  <SubTexture name="steam_stick" x="256" y="384" width="64" height="64" />
  <SubTexture name="steam_stick_down" x="320" y="384" width="64" height="64" />
  <SubTexture name="steam_stick_horizontal" x="384" y="384" width="64" height="64" />
  <SubTexture name="steam_stick_l_press" x="448" y="384" width="64" height="64" />
  <SubTexture name="steam_stick_left" x="512" y="384" width="64" height="64" />
  <SubTexture name="steam_stick_right" x="0" y="448" width="64" height="64" />
  <SubTexture name="steam_stick_side_l" x="64" y="448" width="64" height="64" />
  <SubTexture name="steam_stick_up" x="128" y="448" width="64" height="64" />
  <SubTexture name="steam_stick_vertical" x="192" y="448" width="64" height="64" />
</TextureAtlas>