<TextureAtlas imagePath="playstation-series_sheet_default.png">
  <SubTexture name="controller_playstation1" x="0" y="0" width="64" height="64" />
  <SubTexture name="controller_playstation2" x="64" y="0" width="64" height="64" />
  <SubTexture name="controller_playstation3" x="128" y="0" width="64" height="64" />
  <SubTexture name="controller_playstation4" x="192" y="0" width="64" height="64" />
  <SubTexture name="controller_playstation5" x="256" y="0" width="64" height="64" />
  <SubTexture name="playstation_button_analog" x="320" y="0" width="64" height="64" />
  <SubTexture name="playstation_button_analog_outline" x="384" y="0" width="64" height="64" />
  <SubTexture name="playstation_button_circle" x="448" y="0" width="64" height="64" />
  <SubTexture name="playstation_button_circle_outline" x="512" y="0" width="64" height="64" />
  <SubTexture name="playstation_button_color_circle" x="576" y="0" width="64" height="64" />
  <SubTexture name="playstation_button_color_circle_outline" x="640" y="0" width="64" height="64" />
  <SubTexture name="playstation_button_color_cross" x="704" y="0" width="64" height="64" />
  <SubTexture name="playstation_button_color_cross_outline" x="0" y="64" width="64" height="64" />
  <SubTexture name="playstation_button_color_square" x="64" y="64" width="64" height="64" />
  <SubTexture name="playstation_button_color_square_outline" x="128" y="64" width="64" height="64" />
  <SubTexture name="playstation_button_color_triangle" x="192" y="64" width="64" height="64" />
  <SubTexture name="playstation_button_color_triangle_outline" x="256" y="64" width="64" height="64" />
  <SubTexture name="playstation_button_cross" x="320" y="64" width="64" height="64" />
  <SubTexture name="playstation_button_cross_outline" x="384" y="64" width="64" height="64" />
  <SubTexture name="playstation_button_l3" x="448" y="64" width="64" height="64" />
  <SubTexture name="playstation_button_l3_outline" x="512" y="64" width="64" height="64" />
  <SubTexture name="playstation_button_r3" x="576" y="64" width="64" height="64" />
  <SubTexture name="playstation_button_r3_outline" x="640" y="64" width="64" height="64" />
  <SubTexture name="playstation_button_square" x="704" y="64" width="64" height="64" />
  <SubTexture name="playstation_button_square_outline" x="0" y="128" width="64" height="64" />
  <SubTexture name="playstation_button_triangle" x="64" y="128" width="64" height="64" />
  <SubTexture name="playstation_button_triangle_outline" x="128" y="128" width="64" height="64" />
  <SubTexture name="playstation_dpad" x="192" y="128" width="64" height="64" />
  <SubTexture name="playstation_dpad_all" x="256" y="128" width="64" height="64" />
  <SubTexture name="playstation_dpad_down" x="320" y="128" width="64" height="64" />
  <SubTexture name="playstation_dpad_down_outline" x="384" y="128" width="64" height="64" />
  <SubTexture name="playstation_dpad_horizontal" x="448" y="128" width="64" height="64" />
  <SubTexture name="playstation_dpad_horizontal_outline" x="512" y="128" width="64" height="64" />
  <SubTexture name="playstation_dpad_left" x="576" y="128" width="64" height="64" />
  <SubTexture name="playstation_dpad_left_outline" x="640" y="128" width="64" height="64" />
  <SubTexture name="playstation_dpad_none" x="704" y="128" width="64" height="64" />
  <SubTexture name="playstation_dpad_right" x="0" y="192" width="64" height="64" />
  <SubTexture name="playstation_dpad_right_outline" x="64" y="192" width="64" height="64" />
  <SubTexture name="playstation_dpad_up" x="128" y="192" width="64" height="64" />
  <SubTexture name="playstation_dpad_up_outline" x="192" y="192" width="64" height="64" />
  <SubTexture name="playstation_dpad_vertical" x="256" y="192" width="64" height="64" />
  <SubTexture name="playstation_dpad_vertical_outline" x="320" y="192" width="64" height="64" />
  <SubTexture name="playstation_stick_l" x="384" y="192" width="64" height="64" />
  <SubTexture name="playstation_stick_l_down" x="448" y="192" width="64" height="64" />
  <SubTexture name="playstation_stick_l_horizontal" x="512" y="192" width="64" height="64" />
  <SubTexture name="playstation_stick_l_left" x="576" y="192" width="64" height="64" />
  <SubTexture name="playstation_stick_l_press" x="640" y="192" width="64" height="64" />
  <SubTexture name="playstation_stick_l_right" x="704" y="192" width="64" height="64" />
  <SubTexture name="playstation_stick_l_up" x="0" y="256" width="64" height="64" />
  <SubTexture name="playstation_stick_l_vertical" x="64" y="256" width="64" height="64" />
  <SubTexture name="playstation_stick_r" x="128" y="256" width="64" height="64" />
  <SubTexture name="playstation_stick_r_down" x="192" y="256" width="64" height="64" />
  <SubTexture name="playstation_stick_r_horizontal" x="256" y="256" width="64" height="64" />
  <SubTexture name="playstation_stick_r_left" x="320" y="256" width="64" height="64" />
  <SubTexture name="playstation_stick_r_press" x="384" y="256" width="64" height="64" />
  <SubTexture name="playstation_stick_r_right" x="448" y="256" width="64" height="64" />
  <SubTexture name="playstation_stick_r_up" x="512" y="256" width="64" height="64" />
  <SubTexture name="playstation_stick_r_vertical" x="576" y="256" width="64" height="64" />
  <SubTexture name="playstation_stick_side_l" x="640" y="256" width="64" height="64" />
  <SubTexture name="playstation_stick_side_r" x="704" y="256" width="64" height="64" />
  <SubTexture name="playstation_stick_top_l" x="0" y="320" width="64" height="64" />
  <SubTexture name="playstation_stick_top_r" x="64" y="320" width="64" height="64" />
  <SubTexture name="playstation_trigger_l1" x="128" y="320" width="64" height="64" />
  <SubTexture name="playstation_trigger_l1_alternative" x="192" y="320" width="64" height="64" />
  <SubTexture name="playstation_trigger_l1_alternative_outline" x="256" y="320" width="64" height="64" />
  <SubTexture name="playstation_trigger_l1_outline" x="320" y="320" width="64" height="64" />
  <SubTexture name="playstation_trigger_l2" x="384" y="320" width="64" height="64" />
  <SubTexture name="playstation_trigger_l2_alternative" x="448" y="320" width="64" height="64" />
  <SubTexture name="playstation_trigger_l2_alternative_outline" x="512" y="320" width="64" height="64" />
  <SubTexture name="playstation_trigger_l2_outline" x="576" y="320" width="64" height="64" />
  <SubTexture name="playstation_trigger_r1" x="640" y="320" width="64" height="64" />
  <SubTexture name="playstation_trigger_r1_alternative" x="704" y="320" width="64" height="64" />
  <SubTexture name="playstation_trigger_r1_alternative_outline" x="0" y="384" width="64" height="64" />
  <SubTexture name="playstation_trigger_r1_outline" x="64" y="384" width="64" height="64" />
  <SubTexture name="playstation_trigger_r2" x="128" y="384" width="64" height="64" />
  <SubTexture name="playstation_trigger_r2_alternative" x="192" y="384" width="64" height="64" />
  <SubTexture name="playstation_trigger_r2_alternative_outline" x="256" y="384" width="64" height="64" />
  <SubTexture name="playstation_trigger_r2_outline" x="320" y="384" width="64" height="64" />
  <SubTexture name="playstation3_button_select" x="384" y="384" width="64" height="64" />
  <SubTexture name="playstation3_button_select_outline" x="448" y="384" width="64" height="64" />
  <SubTexture name="playstation3_button_start" x="512" y="384" width="64" height="64" />
  <SubTexture name="playstation3_button_start_outline" x="576" y="384" width="64" height="64" />
  <SubTexture name="playstation4_button_options" x="640" y="384" width="64" height="64" />
  <SubTexture name="playstation4_button_options_outline" x="704" y="384" width="64" height="64" />
  <SubTexture name="playstation4_button_share" x="0" y="448" width="64" height="64" />
  <SubTexture name="playstation4_button_share_outline" x="64" y="448" width="64" height="64" />
  <SubTexture name="playstation4_touchpad" x="128" y="448" width="64" height="64" />
  <SubTexture name="playstation4_touchpad_outline" x="192" y="448" width="64" height="64" />
  <SubTexture name="playstation4_touchpad_press" x="256" y="448" width="64" height="64" />
  <SubTexture name="playstation4_touchpad_press_center" x="320" y="448" width="64" height="64" />
  <SubTexture name="playstation4_touchpad_press_left" x="384" y="448" width="64" height="64" />
  <SubTexture name="playstation4_touchpad_press_right" x="448" y="448" width="64" height="64" />
  <SubTexture name="playstation4_touchpad_selected" x="512" y="448" width="64" height="64" />
  <SubTexture name="playstation4_touchpad_swipe_down" x="576" y="448" width="64" height="64" />
  <SubTexture name="playstation4_touchpad_swipe_horizontal" x="640" y="448" width="64" height="64" />
  <SubTexture name="playstation4_touchpad_swipe_left" x="704" y="448" width="64" height="64" />
  <SubTexture name="playstation4_touchpad_swipe_right" x="0" y="512" width="64" height="64" />
  <SubTexture name="playstation4_touchpad_swipe_up" x="64" y="512" width="64" height="64" />
  <SubTexture name="playstation4_touchpad_swipe_vertical" x="128" y="512" width="64" height="64" />
  <SubTexture name="playstation4_touchpad_touch" x="192" y="512" width="64" height="64" />
  <SubTexture name="playstation4_touchpad_touch_outline" x="256" y="512" width="64" height="64" />
  <SubTexture name="playstation5_button_create" x="320" y="512" width="64" height="64" />
  <SubTexture name="playstation5_button_create_alternative" x="384" y="512" width="64" height="64" />
  <SubTexture name="playstation5_button_create_alternative_outline" x="448" y="512" width="64" height="64" />
  <SubTexture name="playstation5_button_create_outline" x="512" y="512" width="64" height="64" />
  <SubTexture name="playstation5_button_mute" x="576" y="512" width="64" height="64" />
  <SubTexture name="playstation5_button_mute_outline" x="640" y="512" width="64" height="64" />
  <SubTexture name="playstation5_button_options" x="704" y="512" width="64" height="64" />
  <SubTexture name="playstation5_button_options_alternative" x="0" y="576" width="64" height="64" />
  <SubTexture name="playstation5_button_options_alternative_outline" x="64" y="576" width="64" height="64" />
  <SubTexture name="playstation5_button_options_outline" x="128" y="576" width="64" height="64" />
  <SubTexture name="playstation5_elite_fn_l" x="192" y="576" width="64" height="64" />
  <SubTexture name="playstation5_elite_fn_l_outline" x="256" y="576" width="64" height="64" />
  <SubTexture name="playstation5_elite_fn_r" x="320" y="576" width="64" height="64" />
  <SubTexture name="playstation5_elite_fn_r_outline" x="384" y="576" width="64" height="64" />
  <SubTexture name="playstation5_elite_lb" x="448" y="576" width="64" height="64" />
  <SubTexture name="playstation5_elite_lb_outline" x="512" y="576" width="64" height="64" />
  <SubTexture name="playstation5_elite_rb" x="576" y="576" width="64" height="64" />
  <SubTexture name="playstation5_elite_rb_outline" x="640" y="576" width="64" height="64" />
  <SubTexture name="playstation5_touchpad" x="704" y="576" width="64" height="64" />
  <SubTexture name="playstation5_touchpad_outline" x="0" y="640" width="64" height="64" />
  <SubTexture name="playstation5_touchpad_press" x="64" y="640" width="64" height="64" />
  <SubTexture name="playstation5_touchpad_press_center" x="128" y="640" width="64" height="64" />
  <SubTexture name="playstation5_touchpad_press_left" x="192" y="640" width="64" height="64" />
  <SubTexture name="playstation5_touchpad_press_right" x="256" y="640" width="64" height="64" />
  <SubTexture name="playstation5_touchpad_selected" x="320" y="640" width="64" height="64" />
  <SubTexture name="playstation5_touchpad_swipe_down" x="384" y="640" width="64" height="64" />
  <SubTexture name="playstation5_touchpad_swipe_horizontal" x="448" y="640" width="64" height="64" />
  <SubTexture name="playstation5_touchpad_swipe_left" x="512" y="640" width="64" height="64" />
  <SubTexture name="playstation5_touchpad_swipe_right" x="576" y="640" width="64" height="64" />
  <SubTexture name="playstation5_touchpad_swipe_up" x="640" y="640" width="64" height="64" />
  <SubTexture name="playstation5_touchpad_swipe_vertical" x="704" y="640" width="64" height="64" />
  <SubTexture name="playstation5_touchpad_touch" x="0" y="704" width="64" height="64" />
  <SubTexture name="playstation5_touchpad_touch_outline" x="64" y="704" width="64" height="64" />
</TextureAtlas>