<TextureAtlas imagePath="nintendo-gamecube_sheet_default.png">
  <SubTexture name="gamecube_button_a" x="0" y="0" width="64" height="64" />
  <SubTexture name="gamecube_button_a_outline" x="64" y="0" width="64" height="64" />
  <SubTexture name="gamecube_button_b" x="128" y="0" width="64" height="64" />
  <SubTexture name="gamecube_button_b_outline" x="192" y="0" width="64" height="64" />
  <SubTexture name="gamecube_button_color_a" x="256" y="0" width="64" height="64" />
  <SubTexture name="gamecube_button_color_a_outline" x="320" y="0" width="64" height="64" />
  <SubTexture name="gamecube_button_color_b" x="384" y="0" width="64" height="64" />
  <SubTexture name="gamecube_button_color_b_outline" x="448" y="0" width="64" height="64" />
  <SubTexture name="gamecube_button_start" x="512" y="0" width="64" height="64" />
  <SubTexture name="gamecube_button_start_outline" x="0" y="64" width="64" height="64" />
  <SubTexture name="gamecube_button_x" x="64" y="64" width="64" height="64" />
  <SubTexture name="gamecube_button_x_outline" x="128" y="64" width="64" height="64" />
  <SubTexture name="gamecube_button_x_tilted" x="192" y="64" width="64" height="64" />
  <SubTexture name="gamecube_button_x_tilted_outline" x="256" y="64" width="64" height="64" />
  <SubTexture name="gamecube_button_y" x="320" y="64" width="64" height="64" />
  <SubTexture name="gamecube_button_y_outline" x="384" y="64" width="64" height="64" />
  <SubTexture name="gamecube_button_y_tilted" x="448" y="64" width="64" height="64" />
  <SubTexture name="gamecube_button_y_tilted_outline" x="512" y="64" width="64" height="64" />
  <SubTexture name="gamecube_button_z" x="0" y="128" width="64" height="64" />
  <SubTexture name="gamecube_button_z_outline" x="64" y="128" width="64" height="64" />
  <SubTexture name="gamecube_controller" x="128" y="128" width="64" height="64" />
  <SubTexture name="gamecube_controller_wavebird" x="192" y="128" width="64" height="64" />
  <SubTexture name="gamecube_dpad" x="256" y="128" width="64" height="64" />
  <SubTexture name="gamecube_dpad_all" x="320" y="128" width="64" height="64" />
  <SubTexture name="gamecube_dpad_down" x="384" y="128" width="64" height="64" />
  <SubTexture name="gamecube_dpad_down_outline" x="448" y="128" width="64" height="64" />
  <SubTexture name="gamecube_dpad_horizontal" x="512" y="128" width="64" height="64" />
  <SubTexture name="gamecube_dpad_horizontal_outline" x="0" y="192" width="64" height="64" />
  <SubTexture name="gamecube_dpad_left" x="64" y="192" width="64" height="64" />
  <SubTexture name="gamecube_dpad_left_outline" x="128" y="192" width="64" height="64" />
  <SubTexture name="gamecube_dpad_none" x="192" y="192" width="64" height="64" />
  <SubTexture name="gamecube_dpad_right" x="256" y="192" width="64" height="64" />
  <SubTexture name="gamecube_dpad_right_outline" x="320" y="192" width="64" height="64" />
  <SubTexture name="gamecube_dpad_up" x="384" y="192" width="64" height="64" />
  <SubTexture name="gamecube_dpad_up_outline" x="448" y="192" width="64" height="64" />
  <SubTexture name="gamecube_dpad_vertical" x="512" y="192" width="64" height="64" />
  <SubTexture name="gamecube_dpad_vertical_outline" x="0" y="256" width="64" height="64" />
  <SubTexture name="gamecube_stick" x="64" y="256" width="64" height="64" />
  <SubTexture name="gamecube_stick_c" x="128" y="256" width="64" height="64" />
  <SubTexture name="gamecube_stick_c_color_down" x="192" y="256" width="64" height="64" />
  <SubTexture name="gamecube_stick_c_color_horizontal" x="256" y="256" width="64" height="64" />
  <SubTexture name="gamecube_stick_c_color_left" x="320" y="256" width="64" height="64" />
  <SubTexture name="gamecube_stick_c_color_right" x="384" y="256" width="64" height="64" />
  <SubTexture name="gamecube_stick_c_color_top" x="448" y="256" width="64" height="64" />
  <SubTexture name="gamecube_stick_c_color_up" x="512" y="256" width="64" height="64" />
  <SubTexture name="gamecube_stick_c_color_vertical" x="0" y="320" width="64" height="64" />
  <SubTexture name="gamecube_stick_c_down" x="64" y="320" width="64" height="64" />
  <SubTexture name="gamecube_stick_c_horizontal" x="128" y="320" width="64" height="64" />
  <SubTexture name="gamecube_stick_c_left" x="192" y="320" width="64" height="64" />
  <SubTexture name="gamecube_stick_c_right" x="256" y="320" width="64" height="64" />
  <SubTexture name="gamecube_stick_c_top" x="320" y="320" width="64" height="64" />
  <SubTexture name="gamecube_stick_c_up" x="384" y="320" width="64" height="64" />
  <SubTexture name="gamecube_stick_c_vertical" x="448" y="320" width="64" height="64" />
  <SubTexture name="gamecube_stick_color_c" x="512" y="320" width="64" height="64" />
  <SubTexture name="gamecube_stick_down" x="0" y="384" width="64" height="64" />
  <SubTexture name="gamecube_stick_grip" x="64" y="384" width="64" height="64" />
  <SubTexture name="gamecube_stick_grip_down" x="128" y="384" width="64" height="64" />
  <SubTexture name="gamecube_stick_grip_horizontal" x="192" y="384" width="64" height="64" />
  <SubTexture name="gamecube_stick_grip_left" x="256" y="384" width="64" height="64" />
  <SubTexture name="gamecube_stick_grip_right" x="320" y="384" width="64" height="64" />
  <SubTexture name="gamecube_stick_grip_top" x="384" y="384" width="64" height="64" />
  <SubTexture name="gamecube_stick_grip_up" x="448" y="384" width="64" height="64" />
  <SubTexture name="gamecube_stick_grip_vertical" x="512" y="384" width="64" height="64" />
  <SubTexture name="gamecube_stick_horizontal" x="0" y="448" width="64" height="64" />
  <SubTexture name="gamecube_stick_left" x="64" y="448" width="64" height="64" />
  <SubTexture name="gamecube_stick_right" x="128" y="448" width="64" height="64" />
  <SubTexture name="gamecube_stick_top" x="192" y="448" width="64" height="64" />
  <SubTexture name="gamecube_stick_up" x="256" y="448" width="64" height="64" />
  <SubTexture name="gamecube_stick_vertical" x="320" y="448" width="64" height="64" />
  <SubTexture name="gamecube_trigger_l" x="384" y="448" width="64" height="64" />
  <SubTexture name="gamecube_trigger_l_outline" x="448" y="448" width="64" height="64" />
  <SubTexture name="gamecube_trigger_r" x="512" y="448" width="64" height="64" />
  <SubTexture name="gamecube_trigger_r_outline" x="0" y="512" width="64" height="64" />
</TextureAtlas>