<TextureAtlas imagePath="nintendo-gamecube_sheet_double.png">
  <SubTexture name="gamecube_button_a" x="0" y="0" width="128" height="128" />
  <SubTexture name="gamecube_button_a_outline" x="128" y="0" width="128" height="128" />
  <SubTexture name="gamecube_button_b" x="256" y="0" width="128" height="128" />
  <SubTexture name="gamecube_button_b_outline" x="384" y="0" width="128" height="128" />
  <SubTexture name="gamecube_button_color_a" x="512" y="0" width="128" height="128" />
  <SubTexture name="gamecube_button_color_a_outline" x="640" y="0" width="128" height="128" />
  <SubTexture name="gamecube_button_color_b" x="768" y="0" width="128" height="128" />
  <SubTexture name="gamecube_button_color_b_outline" x="896" y="0" width="128" height="128" />
  <SubTexture name="gamecube_button_start" x="1024" y="0" width="128" height="128" />
  <SubTexture name="gamecube_button_start_outline" x="0" y="128" width="128" height="128" />
  <SubTexture name="gamecube_button_x" x="128" y="128" width="128" height="128" />
  <SubTexture name="gamecube_button_x_outline" x="256" y="128" width="128" height="128" />
  <SubTexture name="gamecube_button_x_tilted" x="384" y="128" width="128" height="128" />
  <SubTexture name="gamecube_button_x_tilted_outline" x="512" y="128" width="128" height="128" />
  <SubTexture name="gamecube_button_y" x="640" y="128" width="128" height="128" />
  <SubTexture name="gamecube_button_y_outline" x="768" y="128" width="128" height="128" />
  <SubTexture name="gamecube_button_y_tilted" x="896" y="128" width="128" height="128" />
  <SubTexture name="gamecube_button_y_tilted_outline" x="1024" y="128" width="128" height="128" />
  <SubTexture name="gamecube_button_z" x="0" y="256" width="128" height="128" />
  <SubTexture name="gamecube_button_z_outline" x="128" y="256" width="128" height="128" />
  <SubTexture name="gamecube_controller" x="256" y="256" width="128" height="128" />
  <SubTexture name="gamecube_controller_wavebird" x="384" y="256" width="128" height="128" />
  <SubTexture name="gamecube_dpad" x="512" y="256" width="128" height="128" />
  <SubTexture name="gamecube_dpad_all" x="640" y="256" width="128" height="128" />
  <SubTexture name="gamecube_dpad_down" x="768" y="256" width="128" height="128" />
  <SubTexture name="gamecube_dpad_down_outline" x="896" y="256" width="128" height="128" />
  <SubTexture name="gamecube_dpad_horizontal" x="1024" y="256" width="128" height="128" />
  <SubTexture name="gamecube_dpad_horizontal_outline" x="0" y="384" width="128" height="128" />
  <SubTexture name="gamecube_dpad_left" x="128" y="384" width="128" height="128" />
  <SubTexture name="gamecube_dpad_left_outline" x="256" y="384" width="128" height="128" />
  <SubTexture name="gamecube_dpad_none" x="384" y="384" width="128" height="128" />
  <SubTexture name="gamecube_dpad_right" x="512" y="384" width="128" height="128" />
  <SubTexture name="gamecube_dpad_right_outline" x="640" y="384" width="128" height="128" />
  <SubTexture name="gamecube_dpad_up" x="768" y="384" width="128" height="128" />
  <SubTexture name="gamecube_dpad_up_outline" x="896" y="384" width="128" height="128" />
  <SubTexture name="gamecube_dpad_vertical" x="1024" y="384" width="128" height="128" />
  <SubTexture name="gamecube_dpad_vertical_outline" x="0" y="512" width="128" height="128" />
  <SubTexture name="gamecube_stick" x="128" y="512" width="128" height="128" />
  <SubTexture name="gamecube_stick_c" x="256" y="512" width="128" height="128" />
  <SubTexture name="gamecube_stick_c_color_down" x="384" y="512" width="128" height="128" />
  <SubTexture name="gamecube_stick_c_color_horizontal" x="512" y="512" width="128" height="128" />
  <SubTexture name="gamecube_stick_c_color_left" x="640" y="512" width="128" height="128" />
  <SubTexture name="gamecube_stick_c_color_right" x="768" y="512" width="128" height="128" />
  <SubTexture name="gamecube_stick_c_color_top" x="896" y="512" width="128" height="128" />
  <SubTexture name="gamecube_stick_c_color_up" x="1024" y="512" width="128" height="128" />
  <SubTexture name="gamecube_stick_c_color_vertical" x="0" y="640" width="128" height="128" />
  <SubTexture name="gamecube_stick_c_down" x="128" y="640" width="128" height="128" />
  <SubTexture name="gamecube_stick_c_horizontal" x="256" y="640" width="128" height="128" />
  <SubTexture name="gamecube_stick_c_left" x="384" y="640" width="128" height="128" />
  <SubTexture name="gamecube_stick_c_right" x="512" y="640" width="128" height="128" />
  <SubTexture name="gamecube_stick_c_top" x="640" y="640" width="128" height="128" />
  <SubTexture name="gamecube_stick_c_up" x="768" y="640" width="128" height="128" />
  <SubTexture name="gamecube_stick_c_vertical" x="896" y="640" width="128" height="128" />
  <SubTexture name="gamecube_stick_color_c" x="1024" y="640" width="128" height="128" />
  <SubTexture name="gamecube_stick_down" x="0" y="768" width="128" height="128" />
  <SubTexture name="gamecube_stick_grip" x="128" y="768" width="128" height="128" />
  <SubTexture name="gamecube_stick_grip_down" x="256" y="768" width="128" height="128" />
  <SubTexture name="gamecube_stick_grip_horizontal" x="384" y="768" width="128" height="128" />
  <SubTexture name="gamecube_stick_grip_left" x="512" y="768" width="128" height="128" />
  <SubTexture name="gamecube_stick_grip_right" x="640" y="768" width="128" height="128" />
  <SubTexture name="gamecube_stick_grip_top" x="768" y="768" width="128" height="128" />
  <SubTexture name="gamecube_stick_grip_up" x="896" y="768" width="128" height="128" />
  <SubTexture name="gamecube_stick_grip_vertical" x="1024" y="768" width="128" height="128" />
  <SubTexture name="gamecube_stick_horizontal" x="0" y="896" width="128" height="128" />
  <SubTexture name="gamecube_stick_left" x="128" y="896" width="128" height="128" />
  <SubTexture name="gamecube_stick_right" x="256" y="896" width="128" height="128" />
  <SubTexture name="gamecube_stick_top" x="384" y="896" width="128" height="128" />
  <SubTexture name="gamecube_stick_up" x="512" y="896" width="128" height="128" />
  <SubTexture name="gamecube_stick_vertical" x="640" y="896" width="128" height="128" />
  <SubTexture name="gamecube_trigger_l" x="768" y="896" width="128" height="128" />
  <SubTexture name="gamecube_trigger_l_outline" x="896" y="896" width="128" height="128" />
  <SubTexture name="gamecube_trigger_r" x="1024" y="896" width="128" height="128" />
  <SubTexture name="gamecube_trigger_r_outline" x="0" y="1024" width="128" height="128" />
</TextureAtlas>