<TextureAtlas imagePath="nintendo-switch-2_sheet_default.png">
  <SubTexture name="controller_switch" x="0" y="0" width="64" height="64" />
  <SubTexture name="controller_switch_joycon_down" x="64" y="0" width="64" height="64" />
  <SubTexture name="controller_switch_joycon_up" x="128" y="0" width="64" height="64" />
  <SubTexture name="controller_switch_pro" x="192" y="0" width="64" height="64" />
  <SubTexture name="switch_button_a" x="256" y="0" width="64" height="64" />
  <SubTexture name="switch_button_a_outline" x="320" y="0" width="64" height="64" />
  <SubTexture name="switch_button_b" x="384" y="0" width="64" height="64" />
  <SubTexture name="switch_button_b_outline" x="448" y="0" width="64" height="64" />
  <SubTexture name="switch_button_c" x="512" y="0" width="64" height="64" />
  <SubTexture name="switch_button_c_outline" x="576" y="0" width="64" height="64" />
  <SubTexture name="switch_button_gl" x="640" y="0" width="64" height="64" />
  <SubTexture name="switch_button_gl_outline" x="704" y="0" width="64" height="64" />
  <SubTexture name="switch_button_gr" x="0" y="64" width="64" height="64" />
  <SubTexture name="switch_button_gr_outline" x="64" y="64" width="64" height="64" />
  <SubTexture name="switch_button_home" x="128" y="64" width="64" height="64" />
  <SubTexture name="switch_button_home_outline" x="192" y="64" width="64" height="64" />
  <SubTexture name="switch_button_l" x="256" y="64" width="64" height="64" />
  <SubTexture name="switch_button_l_outline" x="320" y="64" width="64" height="64" />
  <SubTexture name="switch_button_minus" x="384" y="64" width="64" height="64" />
  <SubTexture name="switch_button_minus_outline" x="448" y="64" width="64" height="64" />
  <SubTexture name="switch_button_plus" x="512" y="64" width="64" height="64" />
  <SubTexture name="switch_button_plus_outline" x="576" y="64" width="64" height="64" />
  <SubTexture name="switch_button_r" x="640" y="64" width="64" height="64" />
  <SubTexture name="switch_button_r_outline" x="704" y="64" width="64" height="64" />
  <SubTexture name="switch_button_sl" x="0" y="128" width="64" height="64" />
  <SubTexture name="switch_button_sl_outline" x="64" y="128" width="64" height="64" />
  <SubTexture name="switch_button_sr" x="128" y="128" width="64" height="64" />
  <SubTexture name="switch_button_sr_outline" x="192" y="128" width="64" height="64" />
  <SubTexture name="switch_button_sync" x="256" y="128" width="64" height="64" />
  <SubTexture name="switch_button_sync_outline" x="320" y="128" width="64" height="64" />
  <SubTexture name="switch_button_x" x="384" y="128" width="64" height="64" />
  <SubTexture name="switch_button_x_outline" x="448" y="128" width="64" height="64" />
  <SubTexture name="switch_button_y" x="512" y="128" width="64" height="64" />
  <SubTexture name="switch_button_y_outline" x="576" y="128" width="64" height="64" />
  <SubTexture name="switch_button_zl" x="640" y="128" width="64" height="64" />
  <SubTexture name="switch_button_zl_outline" x="704" y="128" width="64" height="64" />
  <SubTexture name="switch_button_zr" x="0" y="192" width="64" height="64" />
  <SubTexture name="switch_button_zr_outline" x="64" y="192" width="64" height="64" />
  <SubTexture name="switch_buttons" x="128" y="192" width="64" height="64" />
  <SubTexture name="switch_buttons_all" x="192" y="192" width="64" height="64" />
  <SubTexture name="switch_buttons_down" x="256" y="192" width="64" height="64" />
  <SubTexture name="switch_buttons_down_outline" x="320" y="192" width="64" height="64" />
  <SubTexture name="switch_buttons_horizontal" x="384" y="192" width="64" height="64" />
  <SubTexture name="switch_buttons_horizontal_outline" x="448" y="192" width="64" height="64" />
  <SubTexture name="switch_buttons_left" x="512" y="192" width="64" height="64" />
  <SubTexture name="switch_buttons_left_outline" x="576" y="192" width="64" height="64" />
  <SubTexture name="switch_buttons_none" x="640" y="192" width="64" height="64" />
  <SubTexture name="switch_buttons_right" x="704" y="192" width="64" height="64" />
  <SubTexture name="switch_buttons_right_outline" x="0" y="256" width="64" height="64" />
  <SubTexture name="switch_buttons_up" x="64" y="256" width="64" height="64" />
  <SubTexture name="switch_buttons_up_outline" x="128" y="256" width="64" height="64" />
  <SubTexture name="switch_buttons_vertical" x="192" y="256" width="64" height="64" />
  <SubTexture name="switch_buttons_vertical_outline" x="256" y="256" width="64" height="64" />
  <SubTexture name="switch_down" x="320" y="256" width="64" height="64" />
  <SubTexture name="switch_down_outline" x="384" y="256" width="64" height="64" />
  <SubTexture name="switch_dpad" x="448" y="256" width="64" height="64" />
  <SubTexture name="switch_dpad_all" x="512" y="256" width="64" height="64" />
  <SubTexture name="switch_dpad_down" x="576" y="256" width="64" height="64" />
  <SubTexture name="switch_dpad_down_outline" x="640" y="256" width="64" height="64" />
  <SubTexture name="switch_dpad_horizontal" x="704" y="256" width="64" height="64" />
  <SubTexture name="switch_dpad_horizontal_outline" x="0" y="320" width="64" height="64" />
  <SubTexture name="switch_dpad_left" x="64" y="320" width="64" height="64" />
  <SubTexture name="switch_dpad_left_outline" x="128" y="320" width="64" height="64" />
  <SubTexture name="switch_dpad_none" x="192" y="320" width="64" height="64" />
  <SubTexture name="switch_dpad_right" x="256" y="320" width="64" height="64" />
  <SubTexture name="switch_dpad_right_outline" x="320" y="320" width="64" height="64" />
  <SubTexture name="switch_dpad_up" x="384" y="320" width="64" height="64" />
  <SubTexture name="switch_dpad_up_outline" x="448" y="320" width="64" height="64" />
  <SubTexture name="switch_dpad_vertical" x="512" y="320" width="64" height="64" />
  <SubTexture name="switch_dpad_vertical_outline" x="576" y="320" width="64" height="64" />
  <SubTexture name="switch_joycon" x="640" y="320" width="64" height="64" />
  <SubTexture name="switch_joycon_left" x="704" y="320" width="64" height="64" />
  <SubTexture name="switch_joycon_left_diagonal" x="0" y="384" width="64" height="64" />
  <SubTexture name="switch_joycon_left_diagonal_outline" x="64" y="384" width="64" height="64" />
  <SubTexture name="switch_joycon_left_horizontal" x="128" y="384" width="64" height="64" />
  <SubTexture name="switch_joycon_left_horizontal_outline" x="192" y="384" width="64" height="64" />
  <SubTexture name="switch_joycon_left_mouse" x="256" y="384" width="64" height="64" />
  <SubTexture name="switch_joycon_left_mouse_outline" x="320" y="384" width="64" height="64" />
  <SubTexture name="switch_joycon_left_outline" x="384" y="384" width="64" height="64" />
  <SubTexture name="switch_joycon_left_rotate" x="448" y="384" width="64" height="64" />
  <SubTexture name="switch_joycon_left_rotate_outline" x="512" y="384" width="64" height="64" />
  <SubTexture name="switch_joycon_left_vertical" x="576" y="384" width="64" height="64" />
  <SubTexture name="switch_joycon_left_vertical_outline" x="640" y="384" width="64" height="64" />
  <SubTexture name="switch_joycon_outline" x="704" y="384" width="64" height="64" />
  <SubTexture name="switch_joycon_right" x="0" y="448" width="64" height="64" />
  <SubTexture name="switch_joycon_right_diagonal" x="64" y="448" width="64" height="64" />
  <SubTexture name="switch_joycon_right_diagonal_outline" x="128" y="448" width="64" height="64" />
  <SubTexture name="switch_joycon_right_horizontal" x="192" y="448" width="64" height="64" />
  <SubTexture name="switch_joycon_right_horizontal_outline" x="256" y="448" width="64" height="64" />
  <SubTexture name="switch_joycon_right_mouse" x="320" y="448" width="64" height="64" />
  <SubTexture name="switch_joycon_right_mouse_outline" x="384" y="448" width="64" height="64" />
  <SubTexture name="switch_joycon_right_outline" x="448" y="448" width="64" height="64" />
  <SubTexture name="switch_joycon_right_rotate" x="512" y="448" width="64" height="64" />
  <SubTexture name="switch_joycon_right_rotate_outline" x="576" y="448" width="64" height="64" />
  <SubTexture name="switch_joycon_right_vertical" x="640" y="448" width="64" height="64" />
  <SubTexture name="switch_joycon_right_vertical_outline" x="704" y="448" width="64" height="64" />
  <SubTexture name="switch_left" x="0" y="512" width="64" height="64" />
  <SubTexture name="switch_left_outline" x="64" y="512" width="64" height="64" />
  <SubTexture name="switch_right" x="128" y="512" width="64" height="64" />
  <SubTexture name="switch_right_outline" x="192" y="512" width="64" height="64" />
  <SubTexture name="switch_stick_l" x="256" y="512" width="64" height="64" />
  <SubTexture name="switch_stick_l_down" x="320" y="512" width="64" height="64" />
  <SubTexture name="switch_stick_l_horizontal" x="384" y="512" width="64" height="64" />
  <SubTexture name="switch_stick_l_left" x="448" y="512" width="64" height="64" />
  <SubTexture name="switch_stick_l_press" x="512" y="512" width="64" height="64" />
  <SubTexture name="switch_stick_l_right" x="576" y="512" width="64" height="64" />
  <SubTexture name="switch_stick_l_up" x="640" y="512" width="64" height="64" />
  <SubTexture name="switch_stick_l_vertical" x="704" y="512" width="64" height="64" />
  <SubTexture name="switch_stick_r" x="0" y="576" width="64" height="64" />
  <SubTexture name="switch_stick_r_down" x="64" y="576" width="64" height="64" />
  <SubTexture name="switch_stick_r_horizontal" x="128" y="576" width="64" height="64" />
  <SubTexture name="switch_stick_r_left" x="192" y="576" width="64" height="64" />
  <SubTexture name="switch_stick_r_press" x="256" y="576" width="64" height="64" />
  <SubTexture name="switch_stick_r_right" x="320" y="576" width="64" height="64" />
  <SubTexture name="switch_stick_r_up" x="384" y="576" width="64" height="64" />
  <SubTexture name="switch_stick_r_vertical" x="448" y="576" width="64" height="64" />
  <SubTexture name="switch_stick_side_l" x="512" y="576" width="64" height="64" />
  <SubTexture name="switch_stick_side_r" x="576" y="576" width="64" height="64" />
  <SubTexture name="switch_stick_top_l" x="640" y="576" width="64" height="64" />
  <SubTexture name="switch_stick_top_r" x="704" y="576" width="64" height="64" />
  <SubTexture name="switch_up" x="0" y="640" width="64" height="64" />
  <SubTexture name="switch_up_outline" x="64" y="640" width="64" height="64" />
</TextureAtlas>