<TextureAtlas imagePath="flairs_sheet_default.png">
  <SubTexture name="controller_battery_empty" x="0" y="0" width="64" height="64" />
  <SubTexture name="controller_battery_full" x="64" y="0" width="64" height="64" />
  <SubTexture name="controller_battery_half" x="128" y="0" width="64" height="64" />
  <SubTexture name="controller_connecting_a" x="192" y="0" width="64" height="64" />
  <SubTexture name="controller_connecting_b" x="256" y="0" width="64" height="64" />
  <SubTexture name="controller_disconnected" x="320" y="0" width="64" height="64" />
  <SubTexture name="controller_generic" x="384" y="0" width="64" height="64" />
  <SubTexture name="controller_icon_battery_empty" x="448" y="0" width="64" height="64" />
  <SubTexture name="controller_icon_battery_full" x="512" y="0" width="64" height="64" />
  <SubTexture name="controller_icon_battery_half" x="576" y="0" width="64" height="64" />
  <SubTexture name="controller_icon_connecting_a" x="0" y="64" width="64" height="64" />
  <SubTexture name="controller_icon_connecting_b" x="64" y="64" width="64" height="64" />
  <SubTexture name="controller_icon_disconnected" x="128" y="64" width="64" height="64" />
  <SubTexture name="flair_arrow_0" x="192" y="64" width="64" height="64" />
  <SubTexture name="flair_arrow_1" x="256" y="64" width="64" height="64" />
  <SubTexture name="flair_arrow_2" x="320" y="64" width="64" height="64" />
  <SubTexture name="flair_arrow_3" x="384" y="64" width="64" height="64" />
  <SubTexture name="flair_arrow_backforth" x="448" y="64" width="64" height="64" />
  <SubTexture name="flair_arrow_center_0" x="512" y="64" width="64" height="64" />
  <SubTexture name="flair_arrow_center_1" x="576" y="64" width="64" height="64" />
  <SubTexture name="flair_arrow_center_2" x="0" y="128" width="64" height="64" />
  <SubTexture name="flair_arrow_center_3" x="64" y="128" width="64" height="64" />
  <SubTexture name="flair_arrow_long" x="128" y="128" width="64" height="64" />
  <SubTexture name="flair_arrow_short" x="192" y="128" width="64" height="64" />
  <SubTexture name="flair_arrow_z" x="256" y="128" width="64" height="64" />
  <SubTexture name="flair_arrows_all" x="320" y="128" width="64" height="64" />
  <SubTexture name="flair_arrows_diagonal_all" x="384" y="128" width="64" height="64" />
  <SubTexture name="flair_arrows_diagonal_left" x="448" y="128" width="64" height="64" />
  <SubTexture name="flair_arrows_diagonal_right" x="512" y="128" width="64" height="64" />
  <SubTexture name="flair_arrows_down" x="576" y="128" width="64" height="64" />
  <SubTexture name="flair_arrows_horizontal" x="0" y="192" width="64" height="64" />
  <SubTexture name="flair_arrows_left" x="64" y="192" width="64" height="64" />
  <SubTexture name="flair_arrows_right" x="128" y="192" width="64" height="64" />
  <SubTexture name="flair_arrows_up" x="192" y="192" width="64" height="64" />
  <SubTexture name="flair_arrows_vertical" x="256" y="192" width="64" height="64" />
  <SubTexture name="flair_circle_0" x="320" y="192" width="64" height="64" />
  <SubTexture name="flair_circle_1" x="384" y="192" width="64" height="64" />
  <SubTexture name="flair_circle_2" x="448" y="192" width="64" height="64" />
  <SubTexture name="flair_circle_3" x="512" y="192" width="64" height="64" />
  <SubTexture name="flair_circle_4" x="576" y="192" width="64" height="64" />
  <SubTexture name="flair_circle_5" x="0" y="256" width="64" height="64" />
  <SubTexture name="flair_circle_6" x="64" y="256" width="64" height="64" />
  <SubTexture name="flair_circle_7" x="128" y="256" width="64" height="64" />
  <SubTexture name="flair_circle_8" x="192" y="256" width="64" height="64" />
  <SubTexture name="flair_circle_red_0" x="256" y="256" width="64" height="64" />
  <SubTexture name="flair_circle_red_1" x="320" y="256" width="64" height="64" />
  <SubTexture name="flair_circle_red_2" x="384" y="256" width="64" height="64" />
  <SubTexture name="flair_circle_red_3" x="448" y="256" width="64" height="64" />
  <SubTexture name="flair_circle_red_4" x="512" y="256" width="64" height="64" />
  <SubTexture name="flair_circle_red_5" x="576" y="256" width="64" height="64" />
  <SubTexture name="flair_circle_red_6" x="0" y="320" width="64" height="64" />
  <SubTexture name="flair_circle_red_7" x="64" y="320" width="64" height="64" />
  <SubTexture name="flair_circle_red_8" x="128" y="320" width="64" height="64" />
  <SubTexture name="flair_circle_target_a" x="192" y="320" width="64" height="64" />
  <SubTexture name="flair_circle_target_b" x="256" y="320" width="64" height="64" />
  <SubTexture name="flair_cross" x="320" y="320" width="64" height="64" />
  <SubTexture name="flair_disabled" x="384" y="320" width="64" height="64" />
  <SubTexture name="flair_disabled_cross" x="448" y="320" width="64" height="64" />
  <SubTexture name="flair_disabled_cross_outline" x="512" y="320" width="64" height="64" />
  <SubTexture name="flair_disabled_line" x="576" y="320" width="64" height="64" />
  <SubTexture name="flair_disabled_line_outline" x="0" y="384" width="64" height="64" />
  <SubTexture name="flair_disabled_outline" x="64" y="384" width="64" height="64" />
  <SubTexture name="flair_number_0" x="128" y="384" width="64" height="64" />
  <SubTexture name="flair_number_0_outline" x="192" y="384" width="64" height="64" />
  <SubTexture name="flair_number_1" x="256" y="384" width="64" height="64" />
  <SubTexture name="flair_number_1_outline" x="320" y="384" width="64" height="64" />
  <SubTexture name="flair_number_2" x="384" y="384" width="64" height="64" />
  <SubTexture name="flair_number_2_outline" x="448" y="384" width="64" height="64" />
  <SubTexture name="flair_number_3" x="512" y="384" width="64" height="64" />
  <SubTexture name="flair_number_3_outline" x="576" y="384" width="64" height="64" />
  <SubTexture name="flair_number_4" x="0" y="448" width="64" height="64" />
  <SubTexture name="flair_number_4_outline" x="64" y="448" width="64" height="64" />
  <SubTexture name="flair_number_5" x="128" y="448" width="64" height="64" />
  <SubTexture name="flair_number_5_outline" x="192" y="448" width="64" height="64" />
  <SubTexture name="flair_number_6" x="256" y="448" width="64" height="64" />
  <SubTexture name="flair_number_6_outline" x="320" y="448" width="64" height="64" />
  <SubTexture name="flair_number_7" x="384" y="448" width="64" height="64" />
  <SubTexture name="flair_number_7_outline" x="448" y="448" width="64" height="64" />
  <SubTexture name="flair_number_8" x="512" y="448" width="64" height="64" />
  <SubTexture name="flair_number_8_outline" x="576" y="448" width="64" height="64" />
  <SubTexture name="flair_number_9" x="0" y="512" width="64" height="64" />
  <SubTexture name="flair_number_9_outline" x="64" y="512" width="64" height="64" />
  <SubTexture name="flair_plus" x="128" y="512" width="64" height="64" />
  <SubTexture name="flair_small_check" x="192" y="512" width="64" height="64" />
  <SubTexture name="flair_small_check_outline" x="256" y="512" width="64" height="64" />
  <SubTexture name="flair_small_cross" x="320" y="512" width="64" height="64" />
  <SubTexture name="flair_small_cross_outline" x="384" y="512" width="64" height="64" />
  <SubTexture name="flair_small_disabled" x="448" y="512" width="64" height="64" />
  <SubTexture name="flair_small_disabled_outline" x="512" y="512" width="64" height="64" />
  <SubTexture name="flair_small_info" x="576" y="512" width="64" height="64" />
  <SubTexture name="flair_small_info_outline" x="0" y="576" width="64" height="64" />
  <SubTexture name="flair_small_rotate" x="64" y="576" width="64" height="64" />
  <SubTexture name="flair_small_rotate_outline" x="128" y="576" width="64" height="64" />
</TextureAtlas>