<TextureAtlas imagePath="flairs_sheet_double.png">
  <SubTexture name="controller_battery_empty" x="0" y="0" width="128" height="128" />
  <SubTexture name="controller_battery_full" x="128" y="0" width="128" height="128" />
  <SubTexture name="controller_battery_half" x="256" y="0" width="128" height="128" />
  <SubTexture name="controller_connecting_a" x="384" y="0" width="128" height="128" />
  <SubTexture name="controller_connecting_b" x="512" y="0" width="128" height="128" />
  <SubTexture name="controller_disconnected" x="640" y="0" width="128" height="128" />
  <SubTexture name="controller_generic" x="768" y="0" width="128" height="128" />
  <SubTexture name="controller_icon_battery_empty" x="896" y="0" width="128" height="128" />
  <SubTexture name="controller_icon_battery_full" x="1024" y="0" width="128" height="128" />
  <SubTexture name="controller_icon_battery_half" x="1152" y="0" width="128" height="128" />
  <SubTexture name="controller_icon_connecting_a" x="0" y="128" width="128" height="128" />
  <SubTexture name="controller_icon_connecting_b" x="128" y="128" width="128" height="128" />
  <SubTexture name="controller_icon_disconnected" x="256" y="128" width="128" height="128" />
  <SubTexture name="flair_arrow_0" x="384" y="128" width="128" height="128" />
  <SubTexture name="flair_arrow_1" x="512" y="128" width="128" height="128" />
  <SubTexture name="flair_arrow_2" x="640" y="128" width="128" height="128" />
  <SubTexture name="flair_arrow_3" x="768" y="128" width="128" height="128" />
  <SubTexture name="flair_arrow_backforth" x="896" y="128" width="128" height="128" />
  <SubTexture name="flair_arrow_center_0" x="1024" y="128" width="128" height="128" />
  <SubTexture name="flair_arrow_center_1" x="1152" y="128" width="128" height="128" />
  <SubTexture name="flair_arrow_center_2" x="0" y="256" width="128" height="128" />
  <SubTexture name="flair_arrow_center_3" x="128" y="256" width="128" height="128" />
  <SubTexture name="flair_arrow_long" x="256" y="256" width="128" height="128" />
  <SubTexture name="flair_arrow_short" x="384" y="256" width="128" height="128" />
  <SubTexture name="flair_arrow_z" x="512" y="256" width="128" height="128" />
  <SubTexture name="flair_arrows_all" x="640" y="256" width="128" height="128" />
  <SubTexture name="flair_arrows_diagonal_all" x="768" y="256" width="128" height="128" />
  <SubTexture name="flair_arrows_diagonal_left" x="896" y="256" width="128" height="128" />
  <SubTexture name="flair_arrows_diagonal_right" x="1024" y="256" width="128" height="128" />
  <SubTexture name="flair_arrows_down" x="1152" y="256" width="128" height="128" />
  <SubTexture name="flair_arrows_horizontal" x="0" y="384" width="128" height="128" />
  <SubTexture name="flair_arrows_left" x="128" y="384" width="128" height="128" />
  <SubTexture name="flair_arrows_right" x="256" y="384" width="128" height="128" />
  <SubTexture name="flair_arrows_up" x="384" y="384" width="128" height="128" />
  <SubTexture name="flair_arrows_vertical" x="512" y="384" width="128" height="128" />
  <SubTexture name="flair_circle_0" x="640" y="384" width="128" height="128" />
  <SubTexture name="flair_circle_1" x="768" y="384" width="128" height="128" />
  <SubTexture name="flair_circle_2" x="896" y="384" width="128" height="128" />
  <SubTexture name="flair_circle_3" x="1024" y="384" width="128" height="128" />
  <SubTexture name="flair_circle_4" x="1152" y="384" width="128" height="128" />
  <SubTexture name="flair_circle_5" x="0" y="512" width="128" height="128" />
  <SubTexture name="flair_circle_6" x="128" y="512" width="128" height="128" />
  <SubTexture name="flair_circle_7" x="256" y="512" width="128" height="128" />
  <SubTexture name="flair_circle_8" x="384" y="512" width="128" height="128" />
  <SubTexture name="flair_circle_red_0" x="512" y="512" width="128" height="128" />
  <SubTexture name="flair_circle_red_1" x="640" y="512" width="128" height="128" />
  <SubTexture name="flair_circle_red_2" x="768" y="512" width="128" height="128" />
  <SubTexture name="flair_circle_red_3" x="896" y="512" width="128" height="128" />
  <SubTexture name="flair_circle_red_4" x="1024" y="512" width="128" height="128" />
  <SubTexture name="flair_circle_red_5" x="1152" y="512" width="128" height="128" />
  <SubTexture name="flair_circle_red_6" x="0" y="640" width="128" height="128" />
  <SubTexture name="flair_circle_red_7" x="128" y="640" width="128" height="128" />
  <SubTexture name="flair_circle_red_8" x="256" y="640" width="128" height="128" />
  <SubTexture name="flair_circle_target_a" x="384" y="640" width="128" height="128" />
  <SubTexture name="flair_circle_target_b" x="512" y="640" width="128" height="128" />
  <SubTexture name="flair_cross" x="640" y="640" width="128" height="128" />
  <SubTexture name="flair_disabled" x="768" y="640" width="128" height="128" />
  <SubTexture name="flair_disabled_cross" x="896" y="640" width="128" height="128" />
  <SubTexture name="flair_disabled_cross_outline" x="1024" y="640" width="128" height="128" />
  <SubTexture name="flair_disabled_line" x="1152" y="640" width="128" height="128" />
  <SubTexture name="flair_disabled_line_outline" x="0" y="768" width="128" height="128" />
  <SubTexture name="flair_disabled_outline" x="128" y="768" width="128" height="128" />
  <SubTexture name="flair_number_0" x="256" y="768" width="128" height="128" />
  <SubTexture name="flair_number_0_outline" x="384" y="768" width="128" height="128" />
  <SubTexture name="flair_number_1" x="512" y="768" width="128" height="128" />
  <SubTexture name="flair_number_1_outline" x="640" y="768" width="128" height="128" />
  <SubTexture name="flair_number_2" x="768" y="768" width="128" height="128" />
  <SubTexture name="flair_number_2_outline" x="896" y="768" width="128" height="128" />
  <SubTexture name="flair_number_3" x="1024" y="768" width="128" height="128" />
  <SubTexture name="flair_number_3_outline" x="1152" y="768" width="128" height="128" />
  <SubTexture name="flair_number_4" x="0" y="896" width="128" height="128" />
  <SubTexture name="flair_number_4_outline" x="128" y="896" width="128" height="128" />
  <SubTexture name="flair_number_5" x="256" y="896" width="128" height="128" />
  <SubTexture name="flair_number_5_outline" x="384" y="896" width="128" height="128" />
  <SubTexture name="flair_number_6" x="512" y="896" width="128" height="128" />
  <SubTexture name="flair_number_6_outline" x="640" y="896" width="128" height="128" />
  <SubTexture name="flair_number_7" x="768" y="896" width="128" height="128" />
  <SubTexture name="flair_number_7_outline" x="896" y="896" width="128" height="128" />
  <SubTexture name="flair_number_8" x="1024" y="896" width="128" height="128" />
  <SubTexture name="flair_number_8_outline" x="1152" y="896" width="128" height="128" />
  <SubTexture name="flair_number_9" x="0" y="1024" width="128" height="128" />
  <SubTexture name="flair_number_9_outline" x="128" y="1024" width="128" height="128" />
  <SubTexture name="flair_plus" x="256" y="1024" width="128" height="128" />
  <SubTexture name="flair_small_check" x="384" y="1024" width="128" height="128" />
  <SubTexture name="flair_small_check_outline" x="512" y="1024" width="128" height="128" />
  <SubTexture name="flair_small_cross" x="640" y="1024" width="128" height="128" />
  <SubTexture name="flair_small_cross_outline" x="768" y="1024" width="128" height="128" />
  <SubTexture name="flair_small_disabled" x="896" y="1024" width="128" height="128" />
  <SubTexture name="flair_small_disabled_outline" x="1024" y="1024" width="128" height="128" />
  <SubTexture name="flair_small_info" x="1152" y="1024" width="128" height="128" />
  <SubTexture name="flair_small_info_outline" x="0" y="1152" width="128" height="128" />
  <SubTexture name="flair_small_rotate" x="128" y="1152" width="128" height="128" />
  <SubTexture name="flair_small_rotate_outline" x="256" y="1152" width="128" height="128" />
</TextureAtlas>