<TextureAtlas imagePath="keyboard-&amp;-mouse_sheet_default.png">
  <SubTexture name="keyboard" x="0" y="0" width="64" height="64" />
  <SubTexture name="keyboard_0" x="64" y="0" width="64" height="64" />
  <SubTexture name="keyboard_0_outline" x="128" y="0" width="64" height="64" />
  <SubTexture name="keyboard_1" x="192" y="0" width="64" height="64" />
  <SubTexture name="keyboard_1_outline" x="256" y="0" width="64" height="64" />
  <SubTexture name="keyboard_2" x="320" y="0" width="64" height="64" />
  <SubTexture name="keyboard_2_outline" x="384" y="0" width="64" height="64" />
  <SubTexture name="keyboard_3" x="448" y="0" width="64" height="64" />
  <SubTexture name="keyboard_3_outline" x="512" y="0" width="64" height="64" />
  <SubTexture name="keyboard_4" x="576" y="0" width="64" height="64" />
  <SubTexture name="keyboard_4_outline" x="640" y="0" width="64" height="64" />
  <SubTexture name="keyboard_5" x="704" y="0" width="64" height="64" />
  <SubTexture name="keyboard_5_outline" x="768" y="0" width="64" height="64" />
  <SubTexture name="keyboard_6" x="832" y="0" width="64" height="64" />
  <SubTexture name="keyboard_6_outline" x="896" y="0" width="64" height="64" />
  <SubTexture name="keyboard_7" x="960" y="0" width="64" height="64" />
  <SubTexture name="keyboard_7_outline" x="0" y="64" width="64" height="64" />
  <SubTexture name="keyboard_8" x="64" y="64" width="64" height="64" />
  <SubTexture name="keyboard_8_outline" x="128" y="64" width="64" height="64" />
  <SubTexture name="keyboard_9" x="192" y="64" width="64" height="64" />
  <SubTexture name="keyboard_9_outline" x="256" y="64" width="64" height="64" />
  <SubTexture name="keyboard_a" x="320" y="64" width="64" height="64" />
  <SubTexture name="keyboard_a_outline" x="384" y="64" width="64" height="64" />
  <SubTexture name="keyboard_alt" x="448" y="64" width="64" height="64" />
  <SubTexture name="keyboard_alt_outline" x="512" y="64" width="64" height="64" />
  <SubTexture name="keyboard_any" x="576" y="64" width="64" height="64" />
  <SubTexture name="keyboard_any_outline" x="640" y="64" width="64" height="64" />
  <SubTexture name="keyboard_apostrophe" x="704" y="64" width="64" height="64" />
  <SubTexture name="keyboard_apostrophe_outline" x="768" y="64" width="64" height="64" />
  <SubTexture name="keyboard_arrow_down" x="832" y="64" width="64" height="64" />
  <SubTexture name="keyboard_arrow_down_outline" x="896" y="64" width="64" height="64" />
  <SubTexture name="keyboard_arrow_left" x="960" y="64" width="64" height="64" />
  <SubTexture name="keyboard_arrow_left_outline" x="0" y="128" width="64" height="64" />
  <SubTexture name="keyboard_arrow_right" x="64" y="128" width="64" height="64" />
  <SubTexture name="keyboard_arrow_right_outline" x="128" y="128" width="64" height="64" />
  <SubTexture name="keyboard_arrow_up" x="192" y="128" width="64" height="64" />
  <SubTexture name="keyboard_arrow_up_outline" x="256" y="128" width="64" height="64" />
  <SubTexture name="keyboard_arrows" x="320" y="128" width="64" height="64" />
  <SubTexture name="keyboard_arrows_all" x="384" y="128" width="64" height="64" />
  <SubTexture name="keyboard_arrows_down" x="448" y="128" width="64" height="64" />
  <SubTexture name="keyboard_arrows_down_outline" x="512" y="128" width="64" height="64" />
  <SubTexture name="keyboard_arrows_horizontal" x="576" y="128" width="64" height="64" />
  <SubTexture name="keyboard_arrows_horizontal_outline" x="640" y="128" width="64" height="64" />
  <SubTexture name="keyboard_arrows_left" x="704" y="128" width="64" height="64" />
  <SubTexture name="keyboard_arrows_left_outline" x="768" y="128" width="64" height="64" />
  <SubTexture name="keyboard_arrows_none" x="832" y="128" width="64" height="64" />
  <SubTexture name="keyboard_arrows_right" x="896" y="128" width="64" height="64" />
  <SubTexture name="keyboard_arrows_right_outline" x="960" y="128" width="64" height="64" />
  <SubTexture name="keyboard_arrows_up" x="0" y="192" width="64" height="64" />
  <SubTexture name="keyboard_arrows_up_outline" x="64" y="192" width="64" height="64" />
  <SubTexture name="keyboard_arrows_vertical" x="128" y="192" width="64" height="64" />
  <SubTexture name="keyboard_arrows_vertical_outline" x="192" y="192" width="64" height="64" />
  <SubTexture name="keyboard_asterisk" x="256" y="192" width="64" height="64" />
  <SubTexture name="keyboard_asterisk_outline" x="320" y="192" width="64" height="64" />
  <SubTexture name="keyboard_b" x="384" y="192" width="64" height="64" />
  <SubTexture name="keyboard_b_outline" x="448" y="192" width="64" height="64" />
  <SubTexture name="keyboard_backspace" x="512" y="192" width="64" height="64" />
  <SubTexture name="keyboard_backspace_icon" x="576" y="192" width="64" height="64" />
  <SubTexture name="keyboard_backspace_icon_alternative" x="640" y="192" width="64" height="64" />
  <SubTexture name="keyboard_backspace_icon_alternative_outline" x="704" y="192" width="64" height="64" />
  <SubTexture name="keyboard_backspace_icon_outline" x="768" y="192" width="64" height="64" />
  <SubTexture name="keyboard_backspace_outline" x="832" y="192" width="64" height="64" />
  <SubTexture name="keyboard_bracket_close" x="896" y="192" width="64" height="64" />
  <SubTexture name="keyboard_bracket_close_outline" x="960" y="192" width="64" height="64" />
  <SubTexture name="keyboard_bracket_greater" x="0" y="256" width="64" height="64" />
  <SubTexture name="keyboard_bracket_greater_outline" x="64" y="256" width="64" height="64" />
  <SubTexture name="keyboard_bracket_less" x="128" y="256" width="64" height="64" />
  <SubTexture name="keyboard_bracket_less_outline" x="192" y="256" width="64" height="64" />
  <SubTexture name="keyboard_bracket_open" x="256" y="256" width="64" height="64" />
  <SubTexture name="keyboard_bracket_open_outline" x="320" y="256" width="64" height="64" />
  <SubTexture name="keyboard_c" x="384" y="256" width="64" height="64" />
  <SubTexture name="keyboard_c_outline" x="448" y="256" width="64" height="64" />
  <SubTexture name="keyboard_capslock" x="512" y="256" width="64" height="64" />
  <SubTexture name="keyboard_capslock_icon" x="576" y="256" width="64" height="64" />
  <SubTexture name="keyboard_capslock_icon_outline" x="640" y="256" width="64" height="64" />
  <SubTexture name="keyboard_capslock_outline" x="704" y="256" width="64" height="64" />
  <SubTexture name="keyboard_caret" x="768" y="256" width="64" height="64" />
  <SubTexture name="keyboard_caret_outline" x="832" y="256" width="64" height="64" />
  <SubTexture name="keyboard_colon" x="896" y="256" width="64" height="64" />
  <SubTexture name="keyboard_colon_outline" x="960" y="256" width="64" height="64" />
  <SubTexture name="keyboard_comma" x="0" y="320" width="64" height="64" />
  <SubTexture name="keyboard_comma_outline" x="64" y="320" width="64" height="64" />
  <SubTexture name="keyboard_command" x="128" y="320" width="64" height="64" />
  <SubTexture name="keyboard_command_outline" x="192" y="320" width="64" height="64" />
  <SubTexture name="keyboard_ctrl" x="256" y="320" width="64" height="64" />
  <SubTexture name="keyboard_ctrl_outline" x="320" y="320" width="64" height="64" />
  <SubTexture name="keyboard_d" x="384" y="320" width="64" height="64" />
  <SubTexture name="keyboard_d_outline" x="448" y="320" width="64" height="64" />
  <SubTexture name="keyboard_delete" x="512" y="320" width="64" height="64" />
  <SubTexture name="keyboard_delete_outline" x="576" y="320" width="64" height="64" />
  <SubTexture name="keyboard_e" x="640" y="320" width="64" height="64" />
  <SubTexture name="keyboard_e_outline" x="704" y="320" width="64" height="64" />
  <SubTexture name="keyboard_end" x="768" y="320" width="64" height="64" />
  <SubTexture name="keyboard_end_outline" x="832" y="320" width="64" height="64" />
  <SubTexture name="keyboard_enter" x="896" y="320" width="64" height="64" />
  <SubTexture name="keyboard_enter_outline" x="960" y="320" width="64" height="64" />
  <SubTexture name="keyboard_equals" x="0" y="384" width="64" height="64" />
  <SubTexture name="keyboard_equals_outline" x="64" y="384" width="64" height="64" />
  <SubTexture name="keyboard_escape" x="128" y="384" width="64" height="64" />
  <SubTexture name="keyboard_escape_outline" x="192" y="384" width="64" height="64" />
  <SubTexture name="keyboard_exclamation" x="256" y="384" width="64" height="64" />
  <SubTexture name="keyboard_exclamation_outline" x="320" y="384" width="64" height="64" />
  <SubTexture name="keyboard_f" x="384" y="384" width="64" height="64" />
  <SubTexture name="keyboard_f_outline" x="448" y="384" width="64" height="64" />
  <SubTexture name="keyboard_f1" x="512" y="384" width="64" height="64" />
  <SubTexture name="keyboard_f1_outline" x="576" y="384" width="64" height="64" />
  <SubTexture name="keyboard_f10" x="640" y="384" width="64" height="64" />
  <SubTexture name="keyboard_f10_outline" x="704" y="384" width="64" height="64" />
  <SubTexture name="keyboard_f11" x="768" y="384" width="64" height="64" />
  <SubTexture name="keyboard_f11_outline" x="832" y="384" width="64" height="64" />
  <SubTexture name="keyboard_f12" x="896" y="384" width="64" height="64" />
  <SubTexture name="keyboard_f12_outline" x="960" y="384" width="64" height="64" />
  <SubTexture name="keyboard_f2" x="0" y="448" width="64" height="64" />
  <SubTexture name="keyboard_f2_outline" x="64" y="448" width="64" height="64" />
  <SubTexture name="keyboard_f3" x="128" y="448" width="64" height="64" />
  <SubTexture name="keyboard_f3_outline" x="192" y="448" width="64" height="64" />
  <SubTexture name="keyboard_f4" x="256" y="448" width="64" height="64" />
  <SubTexture name="keyboard_f4_outline" x="320" y="448" width="64" height="64" />
  <SubTexture name="keyboard_f5" x="384" y="448" width="64" height="64" />
  <SubTexture name="keyboard_f5_outline" x="448" y="448" width="64" height="64" />
  <SubTexture name="keyboard_f6" x="512" y="448" width="64" height="64" />
  <SubTexture name="keyboard_f6_outline" x="576" y="448" width="64" height="64" />
  <SubTexture name="keyboard_f7" x="640" y="448" width="64" height="64" />
  <SubTexture name="keyboard_f7_outline" x="704" y="448" width="64" height="64" />
  <SubTexture name="keyboard_f8" x="768" y="448" width="64" height="64" />
  <SubTexture name="keyboard_f8_outline" x="832" y="448" width="64" height="64" />
  <SubTexture name="keyboard_f9" x="896" y="448" width="64" height="64" />
  <SubTexture name="keyboard_f9_outline" x="960" y="448" width="64" height="64" />
  <SubTexture name="keyboard_function" x="0" y="512" width="64" height="64" />
  <SubTexture name="keyboard_function_outline" x="64" y="512" width="64" height="64" />
  <SubTexture name="keyboard_g" x="128" y="512" width="64" height="64" />
  <SubTexture name="keyboard_g_outline" x="192" y="512" width="64" height="64" />
  <SubTexture name="keyboard_h" x="256" y="512" width="64" height="64" />
  <SubTexture name="keyboard_h_outline" x="320" y="512" width="64" height="64" />
  <SubTexture name="keyboard_home" x="384" y="512" width="64" height="64" />
  <SubTexture name="keyboard_home_outline" x="448" y="512" width="64" height="64" />
  <SubTexture name="keyboard_i" x="512" y="512" width="64" height="64" />
  <SubTexture name="keyboard_i_outline" x="576" y="512" width="64" height="64" />
  <SubTexture name="keyboard_insert" x="640" y="512" width="64" height="64" />
  <SubTexture name="keyboard_insert_outline" x="704" y="512" width="64" height="64" />
  <SubTexture name="keyboard_j" x="768" y="512" width="64" height="64" />
  <SubTexture name="keyboard_j_outline" x="832" y="512" width="64" height="64" />
  <SubTexture name="keyboard_k" x="896" y="512" width="64" height="64" />
  <SubTexture name="keyboard_k_outline" x="960" y="512" width="64" height="64" />
  <SubTexture name="keyboard_l" x="0" y="576" width="64" height="64" />
  <SubTexture name="keyboard_l_outline" x="64" y="576" width="64" height="64" />
  <SubTexture name="keyboard_m" x="128" y="576" width="64" height="64" />
  <SubTexture name="keyboard_m_outline" x="192" y="576" width="64" height="64" />
  <SubTexture name="keyboard_minus" x="256" y="576" width="64" height="64" />
  <SubTexture name="keyboard_minus_outline" x="320" y="576" width="64" height="64" />
  <SubTexture name="keyboard_n" x="384" y="576" width="64" height="64" />
  <SubTexture name="keyboard_n_outline" x="448" y="576" width="64" height="64" />
  <SubTexture name="keyboard_numlock" x="512" y="576" width="64" height="64" />
  <SubTexture name="keyboard_numlock_outline" x="576" y="576" width="64" height="64" />
  <SubTexture name="keyboard_numpad_enter" x="640" y="576" width="64" height="64" />
  <SubTexture name="keyboard_numpad_enter_outline" x="704" y="576" width="64" height="64" />
  <SubTexture name="keyboard_numpad_plus" x="768" y="576" width="64" height="64" />
  <SubTexture name="keyboard_numpad_plus_outline" x="832" y="576" width="64" height="64" />
  <SubTexture name="keyboard_o" x="896" y="576" width="64" height="64" />
  <SubTexture name="keyboard_o_outline" x="960" y="576" width="64" height="64" />
  <SubTexture name="keyboard_option" x="0" y="640" width="64" height="64" />
  <SubTexture name="keyboard_option_outline" x="64" y="640" width="64" height="64" />
  <SubTexture name="keyboard_outline" x="128" y="640" width="64" height="64" />
  <SubTexture name="keyboard_p" x="192" y="640" width="64" height="64" />
  <SubTexture name="keyboard_p_outline" x="256" y="640" width="64" height="64" />
  <SubTexture name="keyboard_page_down" x="320" y="640" width="64" height="64" />
  <SubTexture name="keyboard_page_down_outline" x="384" y="640" width="64" height="64" />
  <SubTexture name="keyboard_page_up" x="448" y="640" width="64" height="64" />
  <SubTexture name="keyboard_page_up_outline" x="512" y="640" width="64" height="64" />
  <SubTexture name="keyboard_period" x="576" y="640" width="64" height="64" />
  <SubTexture name="keyboard_period_outline" x="640" y="640" width="64" height="64" />
  <SubTexture name="keyboard_plus" x="704" y="640" width="64" height="64" />
  <SubTexture name="keyboard_plus_outline" x="768" y="640" width="64" height="64" />
  <SubTexture name="keyboard_printscreen" x="832" y="640" width="64" height="64" />
  <SubTexture name="keyboard_printscreen_outline" x="896" y="640" width="64" height="64" />
  <SubTexture name="keyboard_q" x="960" y="640" width="64" height="64" />
  <SubTexture name="keyboard_q_outline" x="0" y="704" width="64" height="64" />
  <SubTexture name="keyboard_question" x="64" y="704" width="64" height="64" />
  <SubTexture name="keyboard_question_outline" x="128" y="704" width="64" height="64" />
  <SubTexture name="keyboard_quote" x="192" y="704" width="64" height="64" />
  <SubTexture name="keyboard_quote_outline" x="256" y="704" width="64" height="64" />
  <SubTexture name="keyboard_r" x="320" y="704" width="64" height="64" />
  <SubTexture name="keyboard_r_outline" x="384" y="704" width="64" height="64" />
  <SubTexture name="keyboard_return" x="448" y="704" width="64" height="64" />
  <SubTexture name="keyboard_return_outline" x="512" y="704" width="64" height="64" />
  <SubTexture name="keyboard_s" x="576" y="704" width="64" height="64" />
  <SubTexture name="keyboard_s_outline" x="640" y="704" width="64" height="64" />
  <SubTexture name="keyboard_semicolon" x="704" y="704" width="64" height="64" />
  <SubTexture name="keyboard_semicolon_outline" x="768" y="704" width="64" height="64" />
  <SubTexture name="keyboard_shift" x="832" y="704" width="64" height="64" />
  <SubTexture name="keyboard_shift_icon" x="896" y="704" width="64" height="64" />
  <SubTexture name="keyboard_shift_icon_outline" x="960" y="704" width="64" height="64" />
  <SubTexture name="keyboard_shift_outline" x="0" y="768" width="64" height="64" />
  <SubTexture name="keyboard_slash_back" x="64" y="768" width="64" height="64" />
  <SubTexture name="keyboard_slash_back_outline" x="128" y="768" width="64" height="64" />
  <SubTexture name="keyboard_slash_forward" x="192" y="768" width="64" height="64" />
  <SubTexture name="keyboard_slash_forward_outline" x="256" y="768" width="64" height="64" />
  <SubTexture name="keyboard_space" x="320" y="768" width="64" height="64" />
  <SubTexture name="keyboard_space_icon" x="384" y="768" width="64" height="64" />
  <SubTexture name="keyboard_space_icon_outline" x="448" y="768" width="64" height="64" />
  <SubTexture name="keyboard_space_outline" x="512" y="768" width="64" height="64" />
  <SubTexture name="keyboard_t" x="576" y="768" width="64" height="64" />
  <SubTexture name="keyboard_t_outline" x="640" y="768" width="64" height="64" />
  <SubTexture name="keyboard_tab" x="704" y="768" width="64" height="64" />
  <SubTexture name="keyboard_tab_icon" x="768" y="768" width="64" height="64" />
  <SubTexture name="keyboard_tab_icon_alternative" x="832" y="768" width="64" height="64" />
  <SubTexture name="keyboard_tab_icon_alternative_outline" x="896" y="768" width="64" height="64" />
  <SubTexture name="keyboard_tab_icon_outline" x="960" y="768" width="64" height="64" />
  <SubTexture name="keyboard_tab_outline" x="0" y="832" width="64" height="64" />
  <SubTexture name="keyboard_tilde" x="64" y="832" width="64" height="64" />
  <SubTexture name="keyboard_tilde_outline" x="128" y="832" width="64" height="64" />
  <SubTexture name="keyboard_u" x="192" y="832" width="64" height="64" />
  <SubTexture name="keyboard_u_outline" x="256" y="832" width="64" height="64" />
  <SubTexture name="keyboard_v" x="320" y="832" width="64" height="64" />
  <SubTexture name="keyboard_v_outline" x="384" y="832" width="64" height="64" />
  <SubTexture name="keyboard_w" x="448" y="832" width="64" height="64" />
  <SubTexture name="keyboard_w_outline" x="512" y="832" width="64" height="64" />
  <SubTexture name="keyboard_win" x="576" y="832" width="64" height="64" />
  <SubTexture name="keyboard_win_outline" x="640" y="832" width="64" height="64" />
  <SubTexture name="keyboard_x" x="704" y="832" width="64" height="64" />
  <SubTexture name="keyboard_x_outline" x="768" y="832" width="64" height="64" />
  <SubTexture name="keyboard_y" x="832" y="832" width="64" height="64" />
  <SubTexture name="keyboard_y_outline" x="896" y="832" width="64" height="64" />
  <SubTexture name="keyboard_z" x="960" y="832" width="64" height="64" />
  <SubTexture name="keyboard_z_outline" x="0" y="896" width="64" height="64" />
  <SubTexture name="mouse" x="64" y="896" width="64" height="64" />
  <SubTexture name="mouse_horizontal" x="128" y="896" width="64" height="64" />
  <SubTexture name="mouse_left" x="192" y="896" width="64" height="64" />
  <SubTexture name="mouse_left_outline" x="256" y="896" width="64" height="64" />
  <SubTexture name="mouse_move" x="320" y="896" width="64" height="64" />
  <SubTexture name="mouse_outline" x="384" y="896" width="64" height="64" />
  <SubTexture name="mouse_right" x="448" y="896" width="64" height="64" />
  <SubTexture name="mouse_right_outline" x="512" y="896" width="64" height="64" />
  <SubTexture name="mouse_scroll" x="576" y="896" width="64" height="64" />
  <SubTexture name="mouse_scroll_down" x="640" y="896" width="64" height="64" />
  <SubTexture name="mouse_scroll_down_outline" x="704" y="896" width="64" height="64" />
  <SubTexture name="mouse_scroll_outline" x="768" y="896" width="64" height="64" />
  <SubTexture name="mouse_scroll_up" x="832" y="896" width="64" height="64" />
  <SubTexture name="mouse_scroll_up_outline" x="896" y="896" width="64" height="64" />
  <SubTexture name="mouse_scroll_vertical" x="960" y="896" width="64" height="64" />
  <SubTexture name="mouse_scroll_vertical_outline" x="0" y="960" width="64" height="64" />
  <SubTexture name="mouse_small" x="64" y="960" width="64" height="64" />
  <SubTexture name="mouse_vertical" x="128" y="960" width="64" height="64" />
</TextureAtlas>