<TextureAtlas imagePath="xbox-series_sheet_default.png">
  <SubTexture name="controller_xbox_adaptive" x="0" y="0" width="64" height="64" />
  <SubTexture name="controller_xbox360" x="64" y="0" width="64" height="64" />
  <SubTexture name="controller_xboxone" x="128" y="0" width="64" height="64" />
  <SubTexture name="controller_xboxseries" x="192" y="0" width="64" height="64" />
  <SubTexture name="xbox_button_a" x="256" y="0" width="64" height="64" />
  <SubTexture name="xbox_button_a_outline" x="320" y="0" width="64" height="64" />
  <SubTexture name="xbox_button_b" x="384" y="0" width="64" height="64" />
  <SubTexture name="xbox_button_b_outline" x="448" y="0" width="64" height="64" />
  <SubTexture name="xbox_button_back" x="512" y="0" width="64" height="64" />
  <SubTexture name="xbox_button_back_icon" x="576" y="0" width="64" height="64" />
  <SubTexture name="xbox_button_back_icon_outline" x="0" y="64" width="64" height="64" />
  <SubTexture name="xbox_button_back_outline" x="64" y="64" width="64" height="64" />
  <SubTexture name="xbox_button_color_a" x="128" y="64" width="64" height="64" />
  <SubTexture name="xbox_button_color_a_outline" x="192" y="64" width="64" height="64" />
  <SubTexture name="xbox_button_color_b" x="256" y="64" width="64" height="64" />
  <SubTexture name="xbox_button_color_b_outline" x="320" y="64" width="64" height="64" />
  <SubTexture name="xbox_button_color_x" x="384" y="64" width="64" height="64" />
  <SubTexture name="xbox_button_color_x_outline" x="448" y="64" width="64" height="64" />
  <SubTexture name="xbox_button_color_y" x="512" y="64" width="64" height="64" />
  <SubTexture name="xbox_button_color_y_outline" x="576" y="64" width="64" height="64" />
  <SubTexture name="xbox_button_menu" x="0" y="128" width="64" height="64" />
  <SubTexture name="xbox_button_menu_outline" x="64" y="128" width="64" height="64" />
  <SubTexture name="xbox_button_share" x="128" y="128" width="64" height="64" />
  <SubTexture name="xbox_button_share_outline" x="192" y="128" width="64" height="64" />
  <SubTexture name="xbox_button_start" x="256" y="128" width="64" height="64" />
  <SubTexture name="xbox_button_start_icon" x="320" y="128" width="64" height="64" />
  <SubTexture name="xbox_button_start_icon_outline" x="384" y="128" width="64" height="64" />
  <SubTexture name="xbox_button_start_outline" x="448" y="128" width="64" height="64" />
  <SubTexture name="xbox_button_view" x="512" y="128" width="64" height="64" />
  <SubTexture name="xbox_button_view_outline" x="576" y="128" width="64" height="64" />
  <SubTexture name="xbox_button_x" x="0" y="192" width="64" height="64" />
  <SubTexture name="xbox_button_x_outline" x="64" y="192" width="64" height="64" />
  <SubTexture name="xbox_button_y" x="128" y="192" width="64" height="64" />
  <SubTexture name="xbox_button_y_outline" x="192" y="192" width="64" height="64" />
  <SubTexture name="xbox_dpad" x="256" y="192" width="64" height="64" />
  <SubTexture name="xbox_dpad_all" x="320" y="192" width="64" height="64" />
  <SubTexture name="xbox_dpad_down" x="384" y="192" width="64" height="64" />
  <SubTexture name="xbox_dpad_down_outline" x="448" y="192" width="64" height="64" />
  <SubTexture name="xbox_dpad_horizontal" x="512" y="192" width="64" height="64" />
  <SubTexture name="xbox_dpad_horizontal_outline" x="576" y="192" width="64" height="64" />
  <SubTexture name="xbox_dpad_left" x="0" y="256" width="64" height="64" />
  <SubTexture name="xbox_dpad_left_outline" x="64" y="256" width="64" height="64" />
  <SubTexture name="xbox_dpad_none" x="128" y="256" width="64" height="64" />
  <SubTexture name="xbox_dpad_right" x="192" y="256" width="64" height="64" />
  <SubTexture name="xbox_dpad_right_outline" x="256" y="256" width="64" height="64" />
  <SubTexture name="xbox_dpad_round" x="320" y="256" width="64" height="64" />
  <SubTexture name="xbox_dpad_round_all" x="384" y="256" width="64" height="64" />
  <SubTexture name="xbox_dpad_round_down" x="448" y="256" width="64" height="64" />
  <SubTexture name="xbox_dpad_round_horizontal" x="512" y="256" width="64" height="64" />
  <SubTexture name="xbox_dpad_round_left" x="576" y="256" width="64" height="64" />
  <SubTexture name="xbox_dpad_round_right" x="0" y="320" width="64" height="64" />
  <SubTexture name="xbox_dpad_round_up" x="64" y="320" width="64" height="64" />
  <SubTexture name="xbox_dpad_round_vertical" x="128" y="320" width="64" height="64" />
  <SubTexture name="xbox_dpad_up" x="192" y="320" width="64" height="64" />
  <SubTexture name="xbox_dpad_up_outline" x="256" y="320" width="64" height="64" />
  <SubTexture name="xbox_dpad_vertical" x="320" y="320" width="64" height="64" />
  <SubTexture name="xbox_dpad_vertical_outline" x="384" y="320" width="64" height="64" />
  <SubTexture name="xbox_elite_paddle_bottom_left" x="448" y="320" width="64" height="64" />
  <SubTexture name="xbox_elite_paddle_bottom_left_outline" x="512" y="320" width="64" height="64" />
  <SubTexture name="xbox_elite_paddle_bottom_right" x="576" y="320" width="64" height="64" />
  <SubTexture name="xbox_elite_paddle_bottom_right_outline" x="0" y="384" width="64" height="64" />
  <SubTexture name="xbox_elite_paddle_top_left" x="64" y="384" width="64" height="64" />
  <SubTexture name="xbox_elite_paddle_top_left_outline" x="128" y="384" width="64" height="64" />
  <SubTexture name="xbox_elite_paddle_top_right" x="192" y="384" width="64" height="64" />
  <SubTexture name="xbox_elite_paddle_top_right_outline" x="256" y="384" width="64" height="64" />
  <SubTexture name="xbox_guide" x="320" y="384" width="64" height="64" />
  <SubTexture name="xbox_guide_outline" x="384" y="384" width="64" height="64" />
  <SubTexture name="xbox_lb" x="448" y="384" width="64" height="64" />
  <SubTexture name="xbox_lb_outline" x="512" y="384" width="64" height="64" />
  <SubTexture name="xbox_ls" x="576" y="384" width="64" height="64" />
  <SubTexture name="xbox_ls_outline" x="0" y="448" width="64" height="64" />
  <SubTexture name="xbox_lt" x="64" y="448" width="64" height="64" />
  <SubTexture name="xbox_lt_outline" x="128" y="448" width="64" height="64" />
  <SubTexture name="xbox_rb" x="192" y="448" width="64" height="64" />
  <SubTexture name="xbox_rb_outline" x="256" y="448" width="64" height="64" />
  <SubTexture name="xbox_rs" x="320" y="448" width="64" height="64" />
  <SubTexture name="xbox_rs_outline" x="384" y="448" width="64" height="64" />
  <SubTexture name="xbox_rt" x="448" y="448" width="64" height="64" />
  <SubTexture name="xbox_rt_outline" x="512" y="448" width="64" height="64" />
  <SubTexture name="xbox_stick_l" x="576" y="448" width="64" height="64" />
  <SubTexture name="xbox_stick_l_down" x="0" y="512" width="64" height="64" />
  <SubTexture name="xbox_stick_l_horizontal" x="64" y="512" width="64" height="64" />
  <SubTexture name="xbox_stick_l_left" x="128" y="512" width="64" height="64" />
  <SubTexture name="xbox_stick_l_press" x="192" y="512" width="64" height="64" />
  <SubTexture name="xbox_stick_l_right" x="256" y="512" width="64" height="64" />
  <SubTexture name="xbox_stick_l_up" x="320" y="512" width="64" height="64" />
  <SubTexture name="xbox_stick_l_vertical" x="384" y="512" width="64" height="64" />
  <SubTexture name="xbox_stick_r" x="448" y="512" width="64" height="64" />
  <SubTexture name="xbox_stick_r_down" x="512" y="512" width="64" height="64" />
  <SubTexture name="xbox_stick_r_horizontal" x="576" y="512" width="64" height="64" />
  <SubTexture name="xbox_stick_r_left" x="0" y="576" width="64" height="64" />
  <SubTexture name="xbox_stick_r_press" x="64" y="576" width="64" height="64" />
  <SubTexture name="xbox_stick_r_right" x="128" y="576" width="64" height="64" />
  <SubTexture name="xbox_stick_r_up" x="192" y="576" width="64" height="64" />
  <SubTexture name="xbox_stick_r_vertical" x="256" y="576" width="64" height="64" />
  <SubTexture name="xbox_stick_side_l" x="320" y="576" width="64" height="64" />
  <SubTexture name="xbox_stick_side_r" x="384" y="576" width="64" height="64" />
  <SubTexture name="xbox_stick_top_l" x="448" y="576" width="64" height="64" />
  <SubTexture name="xbox_stick_top_r" x="512" y="576" width="64" height="64" />
</TextureAtlas>