<TextureAtlas imagePath="xbox-series_sheet_double.png">
  <SubTexture name="controller_xbox_adaptive" x="0" y="0" width="128" height="128" />
  <SubTexture name="controller_xbox360" x="128" y="0" width="128" height="128" />
  <SubTexture name="controller_xboxone" x="256" y="0" width="128" height="128" />
  <SubTexture name="controller_xboxseries" x="384" y="0" width="128" height="128" />
  <SubTexture name="xbox_button_a" x="512" y="0" width="128" height="128" />
  <SubTexture name="xbox_button_a_outline" x="640" y="0" width="128" height="128" />
  <SubTexture name="xbox_button_b" x="768" y="0" width="128" height="128" />
  <SubTexture name="xbox_button_b_outline" x="896" y="0" width="128" height="128" />
  <SubTexture name="xbox_button_back" x="1024" y="0" width="128" height="128" />
  <SubTexture name="xbox_button_back_icon" x="1152" y="0" width="128" height="128" />
  <SubTexture name="xbox_button_back_icon_outline" x="0" y="128" width="128" height="128" />
  <SubTexture name="xbox_button_back_outline" x="128" y="128" width="128" height="128" />
  <SubTexture name="xbox_button_color_a" x="256" y="128" width="128" height="128" />
  <SubTexture name="xbox_button_color_a_outline" x="384" y="128" width="128" height="128" />
  <SubTexture name="xbox_button_color_b" x="512" y="128" width="128" height="128" />
  <SubTexture name="xbox_button_color_b_outline" x="640" y="128" width="128" height="128" />
  <SubTexture name="xbox_button_color_x" x="768" y="128" width="128" height="128" />
  <SubTexture name="xbox_button_color_x_outline" x="896" y="128" width="128" height="128" />
  <SubTexture name="xbox_button_color_y" x="1024" y="128" width="128" height="128" />
  <SubTexture name="xbox_button_color_y_outline" x="1152" y="128" width="128" height="128" />
  <SubTexture name="xbox_button_menu" x="0" y="256" width="128" height="128" />
  <SubTexture name="xbox_button_menu_outline" x="128" y="256" width="128" height="128" />
  <SubTexture name="xbox_button_share" x="256" y="256" width="128" height="128" />
  <SubTexture name="xbox_button_share_outline" x="384" y="256" width="128" height="128" />
  <SubTexture name="xbox_button_start" x="512" y="256" width="128" height="128" />
  <SubTexture name="xbox_button_start_icon" x="640" y="256" width="128" height="128" />
  <SubTexture name="xbox_button_start_icon_outline" x="768" y="256" width="128" height="128" />
  <SubTexture name="xbox_button_start_outline" x="896" y="256" width="128" height="128" />
  <SubTexture name="xbox_button_view" x="1024" y="256" width="128" height="128" />
  <SubTexture name="xbox_button_view_outline" x="1152" y="256" width="128" height="128" />
  <SubTexture name="xbox_button_x" x="0" y="384" width="128" height="128" />
  <SubTexture name="xbox_button_x_outline" x="128" y="384" width="128" height="128" />
  <SubTexture name="xbox_button_y" x="256" y="384" width="128" height="128" />
  <SubTexture name="xbox_button_y_outline" x="384" y="384" width="128" height="128" />
  <SubTexture name="xbox_dpad" x="512" y="384" width="128" height="128" />
  <SubTexture name="xbox_dpad_all" x="640" y="384" width="128" height="128" />
  <SubTexture name="xbox_dpad_down" x="768" y="384" width="128" height="128" />
  <SubTexture name="xbox_dpad_down_outline" x="896" y="384" width="128" height="128" />
  <SubTexture name="xbox_dpad_horizontal" x="1024" y="384" width="128" height="128" />
  <SubTexture name="xbox_dpad_horizontal_outline" x="1152" y="384" width="128" height="128" />
  <SubTexture name="xbox_dpad_left" x="0" y="512" width="128" height="128" />
  <SubTexture name="xbox_dpad_left_outline" x="128" y="512" width="128" height="128" />
  <SubTexture name="xbox_dpad_none" x="256" y="512" width="128" height="128" />
  <SubTexture name="xbox_dpad_right" x="384" y="512" width="128" height="128" />
  <SubTexture name="xbox_dpad_right_outline" x="512" y="512" width="128" height="128" />
  <SubTexture name="xbox_dpad_round" x="640" y="512" width="128" height="128" />
  <SubTexture name="xbox_dpad_round_all" x="768" y="512" width="128" height="128" />
  <SubTexture name="xbox_dpad_round_down" x="896" y="512" width="128" height="128" />
  <SubTexture name="xbox_dpad_round_horizontal" x="1024" y="512" width="128" height="128" />
  <SubTexture name="xbox_dpad_round_left" x="1152" y="512" width="128" height="128" />
  <SubTexture name="xbox_dpad_round_right" x="0" y="640" width="128" height="128" />
  <SubTexture name="xbox_dpad_round_up" x="128" y="640" width="128" height="128" />
  <SubTexture name="xbox_dpad_round_vertical" x="256" y="640" width="128" height="128" />
  <SubTexture name="xbox_dpad_up" x="384" y="640" width="128" height="128" />
  <SubTexture name="xbox_dpad_up_outline" x="512" y="640" width="128" height="128" />
  <SubTexture name="xbox_dpad_vertical" x="640" y="640" width="128" height="128" />
  <SubTexture name="xbox_dpad_vertical_outline" x="768" y="640" width="128" height="128" />
  <SubTexture name="xbox_elite_paddle_bottom_left" x="896" y="640" width="128" height="128" />
  <SubTexture name="xbox_elite_paddle_bottom_left_outline" x="1024" y="640" width="128" height="128" />
  <SubTexture name="xbox_elite_paddle_bottom_right" x="1152" y="640" width="128" height="128" />
  <SubTexture name="xbox_elite_paddle_bottom_right_outline" x="0" y="768" width="128" height="128" />
  <SubTexture name="xbox_elite_paddle_top_left" x="128" y="768" width="128" height="128" />
  <SubTexture name="xbox_elite_paddle_top_left_outline" x="256" y="768" width="128" height="128" />
  <SubTexture name="xbox_elite_paddle_top_right" x="384" y="768" width="128" height="128" />
  <SubTexture name="xbox_elite_paddle_top_right_outline" x="512" y="768" width="128" height="128" />
  <SubTexture name="xbox_guide" x="640" y="768" width="128" height="128" />
  <SubTexture name="xbox_guide_outline" x="768" y="768" width="128" height="128" />
  <SubTexture name="xbox_lb" x="896" y="768" width="128" height="128" />
  <SubTexture name="xbox_lb_outline" x="1024" y="768" width="128" height="128" />
  <SubTexture name="xbox_ls" x="1152" y="768" width="128" height="128" />
  <SubTexture name="xbox_ls_outline" x="0" y="896" width="128" height="128" />
  <SubTexture name="xbox_lt" x="128" y="896" width="128" height="128" />
  <SubTexture name="xbox_lt_outline" x="256" y="896" width="128" height="128" />
  <SubTexture name="xbox_rb" x="384" y="896" width="128" height="128" />
  <SubTexture name="xbox_rb_outline" x="512" y="896" width="128" height="128" />
  <SubTexture name="xbox_rs" x="640" y="896" width="128" height="128" />
  <SubTexture name="xbox_rs_outline" x="768" y="896" width="128" height="128" />
  <SubTexture name="xbox_rt" x="896" y="896" width="128" height="128" />
  <SubTexture name="xbox_rt_outline" x="1024" y="896" width="128" height="128" />
  <SubTexture name="xbox_stick_l" x="1152" y="896" width="128" height="128" />
  <SubTexture name="xbox_stick_l_down" x="0" y="1024" width="128" height="128" />
  <SubTexture name="xbox_stick_l_horizontal" x="128" y="1024" width="128" height="128" />
  <SubTexture name="xbox_stick_l_left" x="256" y="1024" width="128" height="128" />
  <SubTexture name="xbox_stick_l_press" x="384" y="1024" width="128" height="128" />
  <SubTexture name="xbox_stick_l_right" x="512" y="1024" width="128" height="128" />
  <SubTexture name="xbox_stick_l_up" x="640" y="1024" width="128" height="128" />
  <SubTexture name="xbox_stick_l_vertical" x="768" y="1024" width="128" height="128" />
  <SubTexture name="xbox_stick_r" x="896" y="1024" width="128" height="128" />
  <SubTexture name="xbox_stick_r_down" x="1024" y="1024" width="128" height="128" />
  <SubTexture name="xbox_stick_r_horizontal" x="1152" y="1024" width="128" height="128" />
  <SubTexture name="xbox_stick_r_left" x="0" y="1152" width="128" height="128" />
  <SubTexture name="xbox_stick_r_press" x="128" y="1152" width="128" height="128" />
  <SubTexture name="xbox_stick_r_right" x="256" y="1152" width="128" height="128" />
  <SubTexture name="xbox_stick_r_up" x="384" y="1152" width="128" height="128" />
  <SubTexture name="xbox_stick_r_vertical" x="512" y="1152" width="128" height="128" />
  <SubTexture name="xbox_stick_side_l" x="640" y="1152" width="128" height="128" />
  <SubTexture name="xbox_stick_side_r" x="768" y="1152" width="128" height="128" />
  <SubTexture name="xbox_stick_top_l" x="896" y="1152" width="128" height="128" />
  <SubTexture name="xbox_stick_top_r" x="1024" y="1152" width="128" height="128" />
</TextureAtlas>